id,timestamp,user_agent
1,2015-06-10 19:55:08.400332+01,Mozilla/5.0 (Windows NT 6.1; WOW64; rv:38.0) Gecko/20100101 Firefox/38.0
2,2015-06-10 19:56:03.251751+01,Mozilla/5.0 (Windows NT 6.1; WOW64; rv:38.0) Gecko/20100101 Firefox/38.0
3,2015-06-10 23:54:47.490841+01,Mozilla/5.0 (Windows NT 6.1; WOW64; rv:38.0) Gecko/20100101 Firefox/38.0
4,2015-06-11 14:49:24.236726+01,"Mozilla/5.0 (Macintosh; Intel Mac OS X 10_9_5) AppleWebKit/537.36 (KHTML, like Gecko) Chrome/43.0.2357.81 Safari/537.36"
5,2015-06-11 17:42:31.938589+01,"Mozilla/5.0 (X11; Linux x86_64) AppleWebKit/537.36 (KHTML, like Gecko) Ubuntu Chromium/41.0.2272.76 Chrome/41.0.2272.76 Safari/537.36"
6,2015-06-12 14:36:20.191221+01,"Mozilla/5.0 (iPhone; CPU iPhone OS 8_3 like Mac OS X) AppleWebKit/600.1.4 (KHTML, like Gecko) Version/8.0 Mobile/12F70 Safari/600.1.4"
7,2015-06-12 14:36:44.793968+01,"Mozilla/5.0 (Linux; Android 5.0.1; SAMSUNG SM-N910F Build/LRX22C) AppleWebKit/537.36 (KHTML, like Gecko) SamsungBrowser/2.1 Chrome/34.0.1847.76 Mobile Safari/537.36"
8,2015-06-12 14:37:25.005565+01,"Mozilla/5.0 (Macintosh; Intel Mac OS X 10_10_3) AppleWebKit/537.36 (KHTML, like Gecko) Chrome/43.0.2357.81 Safari/537.36"
9,2015-06-12 14:42:31.184897+01,"Mozilla/5.0 (Linux; Android 5.0.2; XT1068 Build/LXB22.46-28.1) AppleWebKit/537.36 (KHTML, like Gecko) Chrome/43.0.2357.93 Mobile Safari/537.36"
10,2015-06-12 14:44:35.968238+01,"Mozilla/5.0 (X11; Linux x86_64) AppleWebKit/537.36 (KHTML, like Gecko) Chrome/43.0.2357.65 Safari/537.36"
11,2015-06-12 14:47:00.48353+01,"Mozilla/5.0 (Macintosh; Intel Mac OS X 10_10_3) AppleWebKit/600.6.3 (KHTML, like Gecko) Version/8.0.6 Safari/600.6.3"
12,2015-06-12 14:48:33.404967+01,"Mozilla/5.0 (iPhone; CPU iPhone OS 8_3 like Mac OS X) AppleWebKit/600.1.4 (KHTML, like Gecko) CriOS/43.0.2357.56 Mobile/12F70 Safari/600.1.4"
13,2015-06-12 14:54:57.507756+01,Mozilla/5.0 (Android; Mobile; rv:38.0) Gecko/38.0 Firefox/38.0
14,2015-06-12 14:55:05.862372+01,Mozilla/5.0 (Windows NT 6.1; WOW64; rv:38.0) Gecko/20100101 Firefox/38.0
15,2015-06-12 14:55:49.9339+01,"Mozilla/5.0 (iPhone; CPU iPhone OS 8_3 like Mac OS X) AppleWebKit/600.1.4 (KHTML, like Gecko) Version/8.0 Mobile/12F70 Safari/600.1.4"
16,2015-06-12 15:35:52.787214+01,Mozilla/5.0 (X11; Linux x86_64; rv:38.0) Gecko/20100101 Firefox/38.0
17,2015-06-12 16:33:49.984422+01,Mozilla/5.0 (Windows NT 6.3; WOW64; rv:38.0) Gecko/20100101 Firefox/38.0
18,2015-06-12 18:10:40.30091+01,Mozilla/5.0 (Windows NT 6.1; WOW64; rv:38.0) Gecko/20100101 Firefox/38.0
19,2015-06-12 18:12:00.24659+01,Mozilla/5.0 (Windows NT 6.1; WOW64; rv:38.0) Gecko/20100101 Firefox/38.0
20,2015-06-12 22:32:02.984804+01,"Mozilla/5.0 (Windows NT 6.1; WOW64) AppleWebKit/537.36 (KHTML, like Gecko) Chrome/43.0.2357.81 Safari/537.36 OPR/30.0.1835.59"
21,2015-06-14 12:11:36.532323+01,Mozilla/5.0 (Windows NT 6.3; WOW64; rv:38.0) Gecko/20100101 Firefox/38.0
22,2015-06-14 13:05:16.449017+01,"Mozilla/5.0 (Macintosh; Intel Mac OS X 10_10_4) AppleWebKit/537.36 (KHTML, like Gecko) Chrome/43.0.2357.124 Safari/537.36"
23,2015-06-15 07:39:07.086953+01,"Mozilla/5.0 (Macintosh; Intel Mac OS X 10_10_3) AppleWebKit/537.36 (KHTML, like Gecko) Chrome/43.0.2357.124 Safari/537.36"
24,2015-06-15 10:20:05.885536+01,Mozilla/5.0 (X11; Linux x86_64; rv:38.0) Gecko/20100101 Firefox/38.0
25,2015-06-15 16:05:25.545749+01,"Mozilla/5.0 (Macintosh; Intel Mac OS X 10_10_3) AppleWebKit/537.36 (KHTML, like Gecko) Chrome/43.0.2357.124 Safari/537.36"
26,2015-06-15 19:23:05.288371+01,Mozilla/5.0 (X11; Linux x86_64; rv:39.0) Gecko/20100101 Firefox/39.0
27,2015-06-15 22:21:23.031713+01,"Mozilla/5.0 (Macintosh; Intel Mac OS X 10_10_3) AppleWebKit/537.36 (KHTML, like Gecko) Chrome/43.0.2357.124 Safari/537.36"
28,2015-06-16 14:46:05.208629+01,"Mozilla/5.0 (Windows NT 6.1; WOW64) AppleWebKit/537.36 (KHTML, like Gecko) Chrome/43.0.2357.81 Safari/537.36"
29,2015-06-17 04:11:52.747353+01,Mozilla/5.0 (Windows NT 6.1; WOW64; Trident/7.0; rv:11.0) like Gecko
30,2015-06-17 04:11:56.25922+01,Mozilla/5.0 (Windows NT 6.1; WOW64; rv:38.0) Gecko/20100101 Firefox/38.0
31,2015-06-18 12:28:37.197616+01,Mozilla/5.0 (Macintosh; Intel Mac OS X 10.10; rv:38.0) Gecko/20100101 Firefox/38.0
32,2015-06-21 14:53:42.083242+01,"Mozilla/5.0 (Windows NT 6.3; WOW64) AppleWebKit/537.36 (KHTML, like Gecko) Chrome/43.0.2357.124 Safari/537.36"
33,2015-06-21 23:24:34.599836+01,"Mozilla/5.0 (X11; Linux x86_64) AppleWebKit/537.36 (KHTML, like Gecko) Chrome/43.0.2357.81 Safari/537.36"
34,2015-06-22 12:58:19.634146+01,Mozilla/5.0 (Windows NT 6.3; Win64; x64; Trident/7.0; rv:11.0) like Gecko
35,2015-06-22 17:12:00.873747+01,"Mozilla/5.0 (Linux; Android 5.1.1; Nexus 4 Build/LMY47V) AppleWebKit/537.36 (KHTML, like Gecko) Chrome/43.0.2357.93 Mobile Safari/537.36"
36,2015-06-22 21:41:14.860205+01,Mozilla/5.0 (X11; Ubuntu; Linux x86_64; rv:38.0) Gecko/20100101 Firefox/38.0
37,2015-06-22 21:52:12.072457+01,"Mozilla/5.0 (X11; Linux x86_64) AppleWebKit/537.36 (KHTML, like Gecko) Chrome/43.0.2357.81 Safari/537.36"
38,2015-06-23 16:04:12.65953+01,Mozilla/5.0 (X11; Linux x86_64; rv:38.0) Gecko/20100101 Firefox/38.0
39,2015-06-24 13:12:10.161086+01,"Mozilla/5.0 (Macintosh; Intel Mac OS X 10_9_5) AppleWebKit/537.78.2 (KHTML, like Gecko) Version/7.0.6 Safari/537.78.2"
40,2015-06-24 15:54:22.936896+01,"Mozilla/5.0 (Windows NT 10.0; Win64; x64) AppleWebKit/537.36 (KHTML, like Gecko) Chrome/39.0.2171.71 Safari/537.36 Edge/12.0"
41,2015-06-24 15:58:52.622837+01,"Mozilla/5.0 (BB10; Kbd) AppleWebKit/537.35+ (KHTML, like Gecko) Version/10.3.1.2576 Mobile Safari/537.35+"
42,2015-06-24 16:25:44.588961+01,"Mozilla/5.0 (BB10; Kbd) AppleWebKit/537.35+ (KHTML, like Gecko) Version/10.3.1.2576 Mobile Safari/537.35+"
43,2015-06-26 10:14:02.33989+01,"Mozilla/5.0 (Macintosh; Intel Mac OS X 10_9_5) AppleWebKit/537.36 (KHTML, like Gecko) Chrome/43.0.2357.130 Safari/537.36"
44,2015-06-29 09:34:41.156293+01,Mozilla/5.0 (Windows NT 6.1; WOW64; rv:38.0) Gecko/20100101 Firefox/38.0
45,2015-07-01 16:55:45.911141+01,Mozilla/5.0 (Macintosh; Intel Mac OS X 10.9; rv:38.0) Gecko/20100101 Firefox/38.0
46,2015-07-01 17:01:17.250157+01,Mozilla/5.0 (Macintosh; Intel Mac OS X 10.9; rv:38.0) Gecko/20100101 Firefox/38.0
47,2015-07-01 17:05:00.677634+01,Mozilla/5.0 (Macintosh; Intel Mac OS X 10.9; rv:39.0) Gecko/20100101 Firefox/39.0
48,2015-07-01 17:06:07.099382+01,"Mozilla/5.0 (Macintosh; Intel Mac OS X 10_9_4) AppleWebKit/537.36 (KHTML, like Gecko) Chrome/43.0.2357.130 Safari/537.36"
49,2015-07-01 17:08:16.301036+01,Mozilla/5.0 (Macintosh; Intel Mac OS X 10.9; rv:34.0) Gecko/20100101 Firefox/34.0
50,2015-07-01 17:09:22.186922+01,Mozilla/5.0 (Macintosh; Intel Mac OS X 10.9; rv:38.0) Gecko/20100101 Firefox/38.0
51,2015-07-01 17:21:14.965656+01,"Mozilla/5.0 (Windows NT 10.0; Win64; x64) AppleWebKit/537.36 (KHTML, like Gecko) Chrome/39.0.2171.71 Safari/537.36 Edge/12.0"
52,2015-07-01 17:28:54.293532+01,"Mozilla/5.0 (Windows NT 10.0; Win64; x64) AppleWebKit/537.36 (KHTML, like Gecko) Chrome/39.0.2171.71 Safari/537.36 Edge/12.0"
53,2015-07-01 17:33:37.785822+01,"Mozilla/5.0 (Windows NT 10.0; Win64; x64) AppleWebKit/537.36 (KHTML, like Gecko) Chrome/39.0.2171.71 Safari/537.36 Edge/12.0"
54,2015-07-01 18:02:23.569415+01,"Mozilla/5.0 (Windows NT 6.3; WOW64) AppleWebKit/537.36 (KHTML, like Gecko) Chrome/38.0.2125.122 YaBrowser/14.12.2125.9579 Safari/537.36"
55,2015-07-01 21:16:37.972991+01,Mozilla/5.0 (Macintosh; Intel Mac OS X 10.10; rv:38.0) Gecko/20100101 Firefox/38.0
56,2015-07-01 21:19:25.561254+01,Mozilla/5.0 (Windows NT 6.1; WOW64; rv:38.0) Gecko/20100101 Firefox/38.0
57,2015-07-01 21:47:59.992401+01,Mozilla/5.0 (X11; Linux x86_64; rv:38.0) Gecko/20100101 Firefox/38.0
58,2015-07-01 22:24:21.056331+01,Mozilla/5.0 (X11; Linux x86_64; rv:38.0) Gecko/20100101 Firefox/38.0
59,2015-07-01 22:27:28.697728+01,Mozilla/5.0 (X11; Linux x86_64; rv:38.0) Gecko/20100101 Firefox/38.0
60,2015-07-02 13:42:30.214009+01,"Mozilla/5.0 (BB10; Kbd) AppleWebKit/537.35+ (KHTML, like Gecko) Version/10.3.1.2576 Mobile Safari/537.35+"
61,2015-07-02 15:24:07.081473+01,Mozilla/5.0 (X11; Linux x86_64; rv:38.0) Gecko/20100101 Firefox/38.0
62,2015-07-02 15:28:56.41087+01,Mozilla/5.0 (X11; Linux x86_64; rv:38.0) Gecko/20100101 Firefox/38.0
63,2015-07-02 15:31:28.294833+01,Mozilla/5.0 (Windows NT 10.0; WOW64; rv:38.0) Gecko/20100101 Firefox/38.0
64,2015-07-02 15:35:49.466426+01,Mozilla/5.0 (Windows NT 10.0; WOW64; rv:38.0) Gecko/20100101 Firefox/38.0
65,2015-07-02 15:46:13.306004+01,Mozilla/5.0 (Windows NT 10.0; WOW64; rv:38.0) Gecko/20100101 Firefox/38.0
66,2015-07-02 15:51:43.813624+01,Mozilla/5.0 (X11; Linux x86_64; rv:38.0) Gecko/20100101 Firefox/38.0
67,2015-07-02 15:55:33.490721+01,"Mozilla/5.0 (Windows NT 10.0; Win64; x64) AppleWebKit/537.36 (KHTML, like Gecko) Chrome/39.0.2171.71 Safari/537.36 Edge/12.0"
68,2015-07-02 15:57:12.861649+01,"Mozilla/5.0 (Windows NT 10.0; WOW64) AppleWebKit/537.36 (KHTML, like Gecko) Chrome/43.0.2357.81 Safari/537.36"
69,2015-07-02 16:13:23.015733+01,Mozilla/5.0 (X11; Linux x86_64; rv:38.0) Gecko/20100101 Firefox/38.0
70,2015-07-02 16:13:51.402329+01,Mozilla/5.0 (X11; Linux x86_64; rv:38.0) Gecko/20100101 Firefox/38.0
71,2015-07-02 16:15:32.329573+01,Mozilla/5.0 (X11; Linux x86_64; rv:38.0) Gecko/20100101 Firefox/38.0
72,2015-07-02 16:15:51.065389+01,Mozilla/5.0 (X11; Linux x86_64; rv:38.0) Gecko/20100101 Firefox/38.0
73,2015-07-02 16:21:27.185881+01,Mozilla/5.0 (X11; Linux x86_64; rv:38.0) Gecko/20100101 Firefox/38.0
74,2015-07-02 16:22:11.435236+01,Mozilla/5.0 (Windows NT 10.0; WOW64; rv:39.0) Gecko/20100101 Firefox/39.0
75,2015-07-02 16:23:43.481826+01,Mozilla/5.0 (Windows NT 10.0; WOW64; rv:39.0) Gecko/20100101 Firefox/39.0
76,2015-07-02 16:24:14.388735+01,Mozilla/5.0 (Windows NT 10.0; WOW64; rv:39.0) Gecko/20100101 Firefox/39.0
77,2015-07-02 16:26:36.988244+01,Mozilla/5.0 (Windows NT 10.0; WOW64; rv:39.0) Gecko/20100101 Firefox/39.0
78,2015-07-02 16:30:19.395735+01,Mozilla/5.0 (Windows NT 10.0; WOW64; rv:39.0) Gecko/20100101 Firefox/39.0
79,2015-07-02 16:31:01.108152+01,Mozilla/5.0 (Windows NT 10.0; WOW64; rv:39.0) Gecko/20100101 Firefox/39.0
80,2015-07-02 16:33:56.309683+01,Mozilla/5.0 (X11; Linux x86_64; rv:38.0) Gecko/20100101 Firefox/38.0
81,2015-07-02 16:35:26.92814+01,Mozilla/5.0 (X11; Linux x86_64; rv:38.0) Gecko/20100101 Firefox/38.0
82,2015-07-02 16:36:48.961982+01,Mozilla/5.0 (X11; Linux x86_64; rv:38.0) Gecko/20100101 Firefox/38.0
83,2015-07-02 16:40:35.952352+01,"Mozilla/5.0 (Macintosh; Intel Mac OS X 10_9_5) AppleWebKit/537.78.2 (KHTML, like Gecko) Version/7.0.6 Safari/537.78.2"
84,2015-07-02 16:44:07.349862+01,"Mozilla/5.0 (Macintosh; Intel Mac OS X 10_9_4) AppleWebKit/537.78.2 (KHTML, like Gecko) Version/7.0.6 Safari/537.78.2"
85,2015-07-02 16:45:42.908978+01,"Mozilla/5.0 (Macintosh; Intel Mac OS X 10_9_4) AppleWebKit/537.36 (KHTML, like Gecko) Chrome/43.0.2357.130 Safari/537.36"
86,2015-07-02 16:45:56.592483+01,"Mozilla/5.0 (Macintosh; Intel Mac OS X 10_9_4) AppleWebKit/537.36 (KHTML, like Gecko) Chrome/43.0.2357.130 Safari/537.36"
87,2015-07-02 16:51:34.194352+01,"Mozilla/5.0 (BB10; Kbd) AppleWebKit/537.35+ (KHTML, like Gecko) Version/10.3.1.2576 Mobile Safari/537.35+"
88,2015-07-03 10:43:37.52769+01,Mozilla/5.0 (X11; Linux x86_64; rv:31.0) Gecko/20100101 Firefox/31.0 Iceweasel/31.7.0
89,2015-07-03 11:34:39.152132+01,"Mozilla/5.0 (Windows NT 6.1; Win64; x64) AppleWebKit/537.36 (KHTML, like Gecko) Chrome/43.0.2357.130 Safari/537.36"
90,2015-07-03 11:59:13.820167+01,"Mozilla/5.0 (BB10; Touch) AppleWebKit/537.35+ (KHTML, like Gecko) Version/10.3.1.2582 Mobile Safari/537.35+"
91,2015-07-03 12:37:44.227554+01,"Mozilla/5.0 (Linux; U; Android 4.3; en-gb; Z30 Build/10.3.1.222) AppleWebKit/534.30 (KHTML, like Gecko) Version/4.0 Mobile Safari/534.30"
92,2015-07-06 15:07:00.649376+01,Mozilla/5.0 (X11; Linux x86_64; rv:39.0) Gecko/20100101 Firefox/39.0
93,2015-07-07 18:56:38.399246+01,"Mozilla/5.0 (Windows NT 6.3; WOW64) AppleWebKit/537.36 (KHTML, like Gecko) Chrome/43.0.2357.130 Safari/537.36"
94,2015-07-07 19:16:26.093686+01,"Mozilla/5.0 (BB10; Touch) AppleWebKit/537.35+ (KHTML, like Gecko) Version/10.3.1.1337 Mobile Safari/537.35+"
95,2015-07-07 19:19:20.48166+01,"Mozilla/5.0 (X11; Linux x86_64) AppleWebKit/601.1+ (KHTML, like Gecko) Version/5.0 Safari/601.1+"
96,2015-07-07 19:27:24.322282+01,"Mozilla/5.0 (BB10; Kbd) AppleWebKit/537.35+ (KHTML, like Gecko) Version/10.3.2.2297 Mobile Safari/537.35+"
97,2015-07-07 19:30:40.40131+01,"Mozilla/5.0 (BB10; Touch) AppleWebKit/537.35+ (KHTML, like Gecko) Version/10.3.1.1337 Mobile Safari/537.35+"
98,2015-07-07 19:41:18.857869+01,"Mozilla/5.0 (Unknown; Linux x86_64) AppleWebKit/537.35+ (KHTML, like Gecko) Version/5.0 Safari/537.35+"
99,2015-07-07 19:57:01.300234+01,"Mozilla/5.0 (X11; Linux x86_64) AppleWebKit/538.2+ (KHTML, like Gecko) Version/5.0 Safari/538.2+"
100,2015-07-07 20:01:29.413534+01,"Mozilla/5.0 (X11; Linux x86_64) AppleWebKit/538.37+ (KHTML, like Gecko) Version/5.0 Safari/538.37+"
101,2015-07-07 20:09:26.303328+01,"Mozilla/5.0 (X11; Linux x86_64) AppleWebKit/538.12+ (KHTML, like Gecko) Version/5.0 Safari/538.12+"
102,2015-07-07 20:19:44.002583+01,"Mozilla/5.0 (X11; Linux x86_64) AppleWebKit/538.21+ (KHTML, like Gecko) Version/5.0 Safari/538.21+"
103,2015-07-08 13:46:57.789772+01,"Mozilla/5.0 (X11; Linux x86_64) AppleWebKit/538.28+ (KHTML, like Gecko) Version/5.0 Safari/538.28+"
104,2015-07-08 14:14:06.485905+01,"Mozilla/5.0 (X11; Linux x86_64) AppleWebKit/538.28+ (KHTML, like Gecko) Version/5.0 Safari/538.28+"
105,2015-07-08 15:26:55.71639+01,"Mozilla/5.0 (BB10; Kbd) AppleWebKit/537.35+ (KHTML, like Gecko) Version/10.3.2.2372 Mobile Safari/537.35+"
106,2015-07-08 15:28:45.147832+01,"Mozilla/5.0 (X11; Linux x86_64) AppleWebKit/538.28+ (KHTML, like Gecko) Version/5.0 Safari/538.28+"
107,2015-07-08 16:48:09.780188+01,"Mozilla/5.0 (X11; Linux x86_64) AppleWebKit/538.34+ (KHTML, like Gecko) Version/5.0 Safari/538.34+"
108,2015-07-08 16:56:31.517084+01,"Mozilla/5.0 (X11; Linux x86_64) AppleWebKit/538.34+ (KHTML, like Gecko) Version/5.0 Safari/538.34+"
109,2015-07-08 19:12:41.567616+01,"Mozilla/5.0 (X11; Linux x86_64) AppleWebKit/538.31+ (KHTML, like Gecko) Version/5.0 Safari/538.31+"
110,2015-07-08 20:11:45.549583+01,"Mozilla/5.0 (X11; Linux x86_64) AppleWebKit/538.29+ (KHTML, like Gecko) Version/5.0 Safari/538.29+"
111,2015-07-08 21:11:03.722588+01,"Mozilla/5.0 (X11; Linux x86_64) AppleWebKit/538.28+ (KHTML, like Gecko) Version/5.0 Safari/538.28+"
112,2015-07-08 21:57:44.3908+01,"Mozilla/5.0 (X11; Linux x86_64) AppleWebKit/538.28+ (KHTML, like Gecko) Version/5.0 Safari/538.28+"
113,2015-07-08 22:38:53.370481+01,"Mozilla/5.0 (X11; Linux x86_64) AppleWebKit/538.28+ (KHTML, like Gecko) Version/5.0 Safari/538.28+"
114,2015-07-09 14:35:33.771654+01,"Mozilla/5.0 (X11; Linux x86_64) AppleWebKit/538.28+ (KHTML, like Gecko) Version/5.0 Safari/538.28+"
115,2015-07-09 15:00:11.981189+01,"Mozilla/5.0 (X11; Linux x86_64) AppleWebKit/538.28+ (KHTML, like Gecko) Version/5.0 Safari/538.28+"
116,2015-07-09 15:25:38.363435+01,"Mozilla/5.0 (X11; Linux x86_64) AppleWebKit/538.28+ (KHTML, like Gecko) Version/5.0 Safari/538.28+"
117,2015-07-09 15:32:27.080324+01,"Mozilla/5.0 (X11; Linux x86_64) AppleWebKit/538.28+ (KHTML, like Gecko) Version/5.0 Safari/538.28+"
118,2015-07-09 15:57:37.461201+01,"Mozilla/5.0 (X11; Linux x86_64) AppleWebKit/538.28+ (KHTML, like Gecko) Version/5.0 Safari/538.28+"
119,2015-07-11 10:46:57.433677+01,Mozilla/5.0 (X11; Linux x86_64; rv:38.0) Gecko/20100101 Firefox/38.0
120,2015-07-11 11:58:57.76348+01,Mozilla/5.0 (X11; Linux x86_64; rv:39.0) Gecko/20100101 Firefox/39.0
121,2015-07-11 12:01:07.8564+01,Mozilla/5.0 (X11; Linux x86_64; rv:39.0) Gecko/20100101 Firefox/39.0
122,2015-07-11 13:25:32.398319+01,"Mozilla/5.0 (Windows NT 6.2; WOW64) AppleWebKit/537.36 (KHTML, like Gecko) Chrome/43.0.2357.81 Safari/537.36 OPR/30.0.1835.59"
123,2015-07-11 13:30:42.196683+01,"Mozilla/5.0 (Windows NT 10.0; Win64; x64) AppleWebKit/537.36 (KHTML, like Gecko) Chrome/39.0.2171.71 Safari/537.36 Edge/12.0"
124,2015-07-13 22:59:09.059569+01,Mozilla/5.0 (X11; Linux x86_64; rv:36.0) Gecko/20100101 Firefox/36.0
125,2015-07-14 16:45:54.546339+01,Mozilla/5.0 (X11; Linux x86_64; rv:39.0) Gecko/20100101 Firefox/39.0
126,2015-07-14 18:33:06.637776+01,"Mozilla/5.0 (BB10; Kbd) AppleWebKit/537.35+ (KHTML, like Gecko) Version/10.3.1.1337 Mobile Safari/537.35+"
127,2015-07-14 20:06:01.328268+01,"Mozilla/5.0 (BB10; Kbd) AppleWebKit/537.35+ (KHTML, like Gecko) Version/10.3.1.1337 Mobile Safari/537.35+"
128,2015-07-14 20:35:42.451076+01,Mozilla/5.0 (X11; Linux x86_64; rv:39.0) Gecko/20100101 Firefox/39.0
129,2015-07-14 20:39:41.70544+01,"Mozilla/5.0 (BB10; Kbd) AppleWebKit/537.35+ (KHTML, like Gecko) Version/10.3.1.1337 Mobile Safari/537.35+"
130,2015-07-14 22:47:33.802792+01,"Mozilla/5.0 (X11; Linux x86_64) AppleWebKit/602.1+ (KHTML, like Gecko) Version/5.0 Safari/602.1+"
131,2015-07-15 17:35:33.509928+01,"Mozilla/5.0 (X11; Linux x86_64) AppleWebKit/602.1+ (KHTML, like Gecko) Version/5.0 Safari/602.1+"
132,2015-07-15 17:58:14.281175+01,"Mozilla/5.0 (X11; Linux x86_64) AppleWebKit/602.1+ (KHTML, like Gecko) Version/5.0 Safari/602.1+"
133,2015-07-15 18:00:04.394677+01,"Mozilla/5.0 (X11; Linux x86_64) AppleWebKit/602.1+ (KHTML, like Gecko) Version/5.0 Safari/602.1+"
134,2015-07-15 18:13:18.093186+01,"Mozilla/5.0 (Linux; Android 4.4.2; SM-G900T Build/KOT49H) AppleWebKit/537.36 (KHTML, like Gecko) Chrome/43.0.2357.93 Mobile Safari/537.36"
135,2015-07-15 18:13:52.433609+01,"Mozilla/5.0 (iPhone; CPU iPhone OS 8_2 like Mac OS X) AppleWebKit/600.1.4 (KHTML, like Gecko) Version/8.0 Mobile/12D508 Safari/600.1.4"
136,2015-07-15 18:14:08.846452+01,"Mozilla/5.0 (Windows NT 6.3; WOW64) AppleWebKit/537.36 (KHTML, like Gecko) Chrome/43.0.2357.132 Safari/537.36"
137,2015-07-15 18:14:16.276365+01,"Mozilla/5.0 (Windows NT 6.3; WOW64) AppleWebKit/537.36 (KHTML, like Gecko) Chrome/43.0.2357.132 Safari/537.36"
138,2015-07-15 18:24:49.15762+01,"Mozilla/5.0 (X11; Linux x86_64) AppleWebKit/602.1+ (KHTML, like Gecko) Version/5.0 Safari/602.1+"
139,2015-07-15 18:25:15.395673+01,"Mozilla/5.0 (Windows NT 6.1; WOW64) AppleWebKit/537.36 (KHTML, like Gecko) Chrome/43.0.2357.132 Safari/537.36"
140,2015-07-15 18:25:43.252323+01,"Mozilla/5.0 (Macintosh; Intel Mac OS X 10_10_3) AppleWebKit/537.36 (KHTML, like Gecko) Chrome/43.0.2357.130 Safari/537.36"
141,2015-07-15 18:26:13.857447+01,"Mozilla/5.0 (Macintosh; Intel Mac OS X 10_10_3) AppleWebKit/600.6.3 (KHTML, like Gecko) Version/8.0.6 Safari/600.6.3"
142,2015-07-15 18:28:41.214258+01,Mozilla/5.0 (X11; Ubuntu; Linux x86_64; rv:39.0) Gecko/20100101 Firefox/39.0
143,2015-07-15 18:37:12.287333+01,"Mozilla/5.0 (X11; Linux x86_64) AppleWebKit/602.1+ (KHTML, like Gecko) Version/5.0 Safari/602.1+"
144,2015-07-15 20:14:00.386285+01,Mozilla/5.0 (Windows NT 6.3; WOW64; rv:39.0) Gecko/20100101 Firefox/39.0
145,2015-07-15 20:14:21.666561+01,Mozilla/5.0 (Windows NT 6.3; WOW64; rv:39.0) Gecko/20100101 Firefox/39.0
146,2015-07-15 20:42:08.40451+01,"Mozilla/5.0 (Windows NT 6.1; WOW64) AppleWebKit/537.36 (KHTML, like Gecko) Chrome/43.0.2357.134 Safari/537.36"
147,2015-07-15 20:43:33.15181+01,"Mozilla/5.0 (Windows NT 6.3; WOW64) AppleWebKit/537.36 (KHTML, like Gecko) Chrome/43.0.2357.132 Safari/537.36"
148,2015-07-15 20:45:00.978683+01,"Mozilla/5.0 (Windows NT 6.0) AppleWebKit/537.36 (KHTML, like Gecko) Chrome/43.0.2357.134 Safari/537.36"
149,2015-07-15 20:47:15.882853+01,Mozilla/5.0 (Windows NT 6.3; WOW64; Trident/7.0; rv:11.0) like Gecko
150,2015-07-15 20:48:50.396909+01,"Mozilla/5.0 (BB10; Kbd) AppleWebKit/537.35+ (KHTML, like Gecko) Version/10.3.1.1337 Mobile Safari/537.35+"
151,2015-07-15 20:50:05.625679+01,Mozilla/5.0 (Windows NT 6.3; WOW64; rv:39.0) Gecko/20100101 Firefox/39.0
152,2015-07-15 20:50:59.182003+01,Mozilla/5.0 (X11; Linux x86_64; rv:36.0) Gecko/20100101 Firefox/36.0
153,2015-07-15 20:52:30.910244+01,"Mozilla/5.0 (Macintosh; Intel Mac OS X 10_10_3) AppleWebKit/537.36 (KHTML, like Gecko) Chrome/42.0.2311.90 Safari/537.36"
154,2015-07-15 20:52:36.760262+01,"Mozilla/5.0 (X11; Linux x86_64) AppleWebKit/537.36 (KHTML, like Gecko) Chrome/42.0.2311.90 Safari/537.36"
155,2015-07-15 20:52:49.659943+01,Mozilla/5.0 (X11; Ubuntu; Linux x86_64; rv:38.0) Gecko/20100101 Firefox/38.0
156,2015-07-15 20:54:07.182451+01,"Mozilla/5.0 (Windows NT 10.0; WOW64) AppleWebKit/537.36 (KHTML, like Gecko) Chrome/43.0.2357.134 Safari/537.36"
157,2015-07-15 20:58:17.707328+01,"Mozilla/5.0 (X11; Linux x86_64) AppleWebKit/537.36 (KHTML, like Gecko) Chrome/43.0.2357.132 Safari/537.36"
158,2015-07-15 20:58:23.686772+01,"Mozilla/5.0 (Linux; Android 5.1.1; Nexus 6 Build/LMY47Z) AppleWebKit/537.36 (KHTML, like Gecko) Chrome/43.0.2357.93 Mobile Safari/537.36"
159,2015-07-15 21:00:26.357057+01,Mozilla/5.0 (Windows NT 6.1; rv:39.0) Gecko/20100101 Firefox/39.0
160,2015-07-15 21:04:59.652687+01,"Mozilla/5.0 (Windows NT 6.1; WOW64) AppleWebKit/537.36 (KHTML, like Gecko) Chrome/43.0.2357.134 Safari/537.36"
161,2015-07-15 21:20:28.101039+01,"Mozilla/5.0 (X11; Linux x86_64) AppleWebKit/537.36 (KHTML, like Gecko) Chrome/41.0.2272.89 Safari/537.36"
162,2015-07-15 21:25:44.297213+01,Mozilla/5.0 (X11; Ubuntu; Linux x86_64; rv:38.0) Gecko/20100101 Firefox/38.0
163,2015-07-15 21:29:01.82695+01,"Mozilla/5.0 (Macintosh; Intel Mac OS X 10_10_4) AppleWebKit/600.7.12 (KHTML, like Gecko) Version/8.0.7 Safari/600.7.12"
164,2015-07-15 21:36:03.690339+01,"Mozilla/5.0 (iPhone; CPU iPhone OS 8_4 like Mac OS X) AppleWebKit/600.1.4 (KHTML, like Gecko) Version/8.0 Mobile/12H143 Safari/600.1.4"
165,2015-07-15 21:37:00.579106+01,"Mozilla/5.0 (iPhone; CPU iPhone OS 8_4 like Mac OS X) AppleWebKit/600.1.4 (KHTML, like Gecko) Version/8.0 Mobile/12H143 Safari/600.1.4"
166,2015-07-15 21:52:24.884341+01,"Mozilla/5.0 (Windows NT 6.1; WOW64) AppleWebKit/537.36 (KHTML, like Gecko) Chrome/43.0.2357.132 Safari/537.36"
167,2015-07-15 21:52:34.231112+01,"Mozilla/5.0 (Windows NT 6.1; WOW64) AppleWebKit/537.36 (KHTML, like Gecko) Chrome/43.0.2357.134 Safari/537.36"
168,2015-07-15 21:53:41.898552+01,"Mozilla/5.0 (Macintosh; Intel Mac OS X 10_10_3) AppleWebKit/537.36 (KHTML, like Gecko) Chrome/43.0.2357.134 Safari/537.36"
169,2015-07-15 22:02:57.128257+01,"Mozilla/5.0 (Macintosh; Intel Mac OS X 10_10_4) AppleWebKit/537.36 (KHTML, like Gecko) Chrome/43.0.2357.134 Safari/537.36"
170,2015-07-15 22:04:32.13212+01,"Mozilla/5.0 (Macintosh; Intel Mac OS X 10_10_4) AppleWebKit/600.7.12 (KHTML, like Gecko) Version/8.0.7 Safari/600.7.12"
171,2015-07-15 22:06:59.753144+01,Mozilla/5.0 (Macintosh; Intel Mac OS X 10.10; rv:39.0) Gecko/20100101 Firefox/39.0
172,2015-07-15 22:10:26.254087+01,"Mozilla/5.0 (X11; Linux x86_64) AppleWebKit/602.1+ (KHTML, like Gecko) Version/5.0 Safari/602.1+"
173,2015-07-15 22:17:40.836947+01,"Mozilla/5.0 (Macintosh; Intel Mac OS X 10_10_3) AppleWebKit/537.36 (KHTML, like Gecko) Chrome/43.0.2357.132 Safari/537.36"
174,2015-07-15 22:23:11.520134+01,"Mozilla/5.0 (Windows NT 6.1; WOW64) AppleWebKit/537.36 (KHTML, like Gecko) Chrome/43.0.2357.134 Safari/537.36"
175,2015-07-15 22:28:37.405987+01,"Mozilla/5.0 (Linux; Android 5.1; XT1053 Build/LPA23.12-15) AppleWebKit/537.36 (KHTML, like Gecko) Chrome/43.0.2357.93 Mobile Safari/537.36"
176,2015-07-15 23:41:07.20998+01,"Mozilla/5.0 (X11; Linux x86_64) AppleWebKit/602.1+ (KHTML, like Gecko) Version/5.0 Safari/602.1+"
177,2015-07-15 23:50:49.764514+01,"Mozilla/5.0 (X11; Linux x86_64) AppleWebKit/602.1+ (KHTML, like Gecko) Version/5.0 Safari/602.1+"
178,2015-07-16 00:02:47.226563+01,Mozilla/5.0 (Windows NT 6.3; WOW64; Trident/7.0; rv:11.0) like Gecko
179,2015-07-16 00:06:26.667989+01,"Mozilla/5.0 (Windows NT 6.3; Win64; x64) AppleWebKit/537.36 (KHTML, like Gecko) Chrome/43.0.2357.134 Safari/537.36"
180,2015-07-16 00:19:15.445783+01,"Mozilla/5.0 (X11; Linux x86_64) AppleWebKit/602.1+ (KHTML, like Gecko) Version/5.0 Safari/602.1+"
181,2015-07-16 00:26:00.225553+01,"Mozilla/5.0 (X11; Linux x86_64) AppleWebKit/602.1+ (KHTML, like Gecko) Version/5.0 Safari/602.1+"
182,2015-07-16 01:02:42.819193+01,"Mozilla/5.0 (Windows NT 6.3; WOW64) AppleWebKit/537.36 (KHTML, like Gecko) Chrome/43.0.2357.134 Safari/537.36"
183,2015-07-16 01:09:15.356419+01,"Mozilla/5.0 (Windows NT 6.3; WOW64) AppleWebKit/537.36 (KHTML, like Gecko) Chrome/43.0.2357.134 Safari/537.36"
184,2015-07-16 01:14:19.960576+01,"Mozilla/5.0 (X11; Linux x86_64) AppleWebKit/537.36 (KHTML, like Gecko) Chrome/43.0.2357.132 Safari/537.36"
185,2015-07-16 01:21:33.081757+01,"Mozilla/5.0 (iPhone; CPU iPhone OS 8_4 like Mac OS X) AppleWebKit/600.1.4 (KHTML, like Gecko) Mobile/12H143"
186,2015-07-16 01:42:56.609589+01,"Mozilla/5.0 (iPhone; CPU iPhone OS 8_4 like Mac OS X) AppleWebKit/600.1.4 (KHTML, like Gecko) Mobile/12H143"
187,2015-07-16 01:45:12.293365+01,Mozilla/5.0 (Windows NT 6.1; WOW64; rv:39.0) Gecko/20100101 Firefox/39.0
188,2015-07-16 02:21:33.280174+01,Mozilla/5.0 (Windows NT 6.3; WOW64; Trident/7.0; Touch; rv:11.0) like Gecko
189,2015-07-16 02:30:35.379999+01,"Mozilla/5.0 (Macintosh; Intel Mac OS X 10_10_4) AppleWebKit/537.36 (KHTML, like Gecko) Chrome/43.0.2357.130 Safari/537.36"
190,2015-07-16 03:00:56.585233+01,"Mozilla/5.0 (Windows NT 6.3; WOW64) AppleWebKit/537.36 (KHTML, like Gecko) Chrome/43.0.2357.134 Safari/537.36"
191,2015-07-16 03:45:45.796148+01,"Mozilla/5.0 (Windows NT 6.1; WOW64) AppleWebKit/537.36 (KHTML, like Gecko) Chrome/43.0.2357.134 Safari/537.36"
192,2015-07-16 03:48:03.445921+01,"Mozilla/5.0 (Windows NT 6.3; WOW64) AppleWebKit/537.36 (KHTML, like Gecko) Chrome/43.0.2357.134 Safari/537.36"
193,2015-07-16 04:00:32.926257+01,"Mozilla/5.0 (Macintosh; Intel Mac OS X 10_10_3) AppleWebKit/537.36 (KHTML, like Gecko) Chrome/43.0.2357.132 Safari/537.36"
194,2015-07-16 07:31:01.204553+01,Mozilla/5.0 (Windows NT 6.1; WOW64; rv:39.0) Gecko/20100101 Firefox/39.0
195,2015-07-16 09:11:47.421023+01,"Mozilla/5.0 (Linux; Android 4.4.2; LGLS660 Build/KOT49I.LS660ZV5) AppleWebKit/537.36 (KHTML, like Gecko) Chrome/43.0.2357.93 Mobile Safari/537.36"
196,2015-07-16 11:59:05.900874+01,Mozilla/5.0 (Windows NT 6.3; WOW64; rv:39.0) Gecko/20100101 Firefox/39.0
197,2015-07-16 12:16:48.940048+01,Mozilla/5.0 (Windows NT 6.3; WOW64; rv:39.0) Gecko/20100101 Firefox/39.0
198,2015-07-16 14:15:48.820563+01,Mozilla/5.0 (Macintosh; Intel Mac OS X 10.9; rv:39.0) Gecko/20100101 Firefox/39.0
199,2015-07-16 14:40:12.712791+01,"Mozilla/5.0 (Windows NT 6.3; WOW64) AppleWebKit/537.36 (KHTML, like Gecko) Chrome/43.0.2357.134 Safari/537.36"
200,2015-07-16 16:38:01.872148+01,Mozilla/5.0 (X11; Linux x86_64; rv:41.0) Gecko/20100101 Firefox/41.0
201,2015-07-16 16:39:19.887558+01,Mozilla/5.0 (Mobile; rv:42.0) Gecko/42.0 Firefox/42.0
202,2015-07-16 16:41:30.915352+01,Mozilla/5.0 (Macintosh; Intel Mac OS X 10.10; rv:42.0) Gecko/20100101 Firefox/42.0
203,2015-07-16 16:44:36.563391+01,Mozilla/5.0 (X11; Fedora; Linux x86_64; rv:38.0) Gecko/20100101 Firefox/38.0
204,2015-07-16 16:50:04.023762+01,Mozilla/5.0 (X11; Linux x86_64; rv:39.0) Gecko/20100101 Firefox/39.0
205,2015-07-16 17:27:42.809341+01,Mozilla/5.0 (X11; Linux x86_64; rv:36.0) Gecko/20100101 Firefox/36.0
206,2015-07-16 17:34:53.143158+01,"Mozilla/5.0 (X11; Linux x86_64) AppleWebKit/537.36 (KHTML, like Gecko) Chrome/42.0.2311.90 Safari/537.36"
207,2015-07-16 17:44:41.073364+01,"Mozilla/5.0 (Windows NT 6.1; WOW64) AppleWebKit/537.36 (KHTML, like Gecko) Chrome/43.0.2357.134 Safari/537.36"
208,2015-07-16 18:02:37.286921+01,"Mozilla/5.0 (BB10; Kbd) AppleWebKit/537.35+ (KHTML, like Gecko) Version/10.3.1.1337 Mobile Safari/537.35+"
209,2015-07-16 18:08:22.246277+01,"Mozilla/5.0 (BB10; Kbd) AppleWebKit/537.35+ (KHTML, like Gecko) Version/10.3.1.1337 Mobile Safari/537.35+"
210,2015-07-16 18:33:09.080645+01,"Mozilla/5.0 (BB10; Kbd) AppleWebKit/537.35+ (KHTML, like Gecko) Version/10.3.1.1337 Mobile Safari/537.35+"
211,2015-07-16 19:07:23.975076+01,"Mozilla/5.0 (Macintosh; Intel Mac OS X 10_10_4) AppleWebKit/600.7.12 (KHTML, like Gecko) Version/8.0.7 Safari/600.7.12"
212,2015-07-16 19:14:14.131661+01,"Mozilla/5.0 (BB10; Kbd) AppleWebKit/537.35+ (KHTML, like Gecko) Version/10.3.1.1337 Mobile Safari/537.35+"
213,2015-07-16 19:19:29.312761+01,Mozilla/5.0 (Macintosh; Intel Mac OS X 10.10; rv:39.0) Gecko/20100101 Firefox/39.0
214,2015-07-16 19:19:49.681039+01,"Mozilla/5.0 (BB10; Kbd) AppleWebKit/537.35+ (KHTML, like Gecko) Version/10.3.1.1337 Mobile Safari/537.35+"
215,2015-07-16 19:21:30.291351+01,Mozilla/5.0 (X11; Linux x86_64; rv:39.0) Gecko/20100101 Firefox/39.0
216,2015-07-16 19:40:49.164382+01,"Mozilla/5.0 (X11; Linux x86_64) AppleWebKit/537.36 (KHTML, like Gecko) Chrome/42.0.2311.90 Safari/537.36"
217,2015-07-16 19:49:12.770328+01,"Mozilla/5.0 (BB10; Kbd) AppleWebKit/537.35+ (KHTML, like Gecko) Version/10.3.1.1337 Mobile Safari/537.35+"
218,2015-07-16 20:15:15.15972+01,"Mozilla/5.0 (BB10; Kbd) AppleWebKit/537.35+ (KHTML, like Gecko) Version/10.3.1.1337 Mobile Safari/537.35+"
219,2015-07-16 20:21:49.71499+01,Mozilla/5.0 (X11; Linux x86_64; rv:39.0) Gecko/20100101 Firefox/39.0
220,2015-07-16 20:46:46.713184+01,"Mozilla/5.0 (Macintosh; Intel Mac OS X 10_10_4) AppleWebKit/600.7.11 (KHTML, like Gecko) Version/8.0.7 Safari/600.7.11"
221,2015-07-16 21:32:03.333303+01,"Mozilla/5.0 (X11; Linux x86_64) AppleWebKit/602.1+ (KHTML, like Gecko) Version/5.0 Safari/602.1+"
222,2015-07-16 21:41:17.617361+01,"Mozilla/5.0 (X11; Linux x86_64) AppleWebKit/602.1+ (KHTML, like Gecko) Version/5.0 Safari/602.1+"
223,2015-07-16 22:01:04.66895+01,"Mozilla/5.0 (Macintosh; Intel Mac OS X 10_10_2) AppleWebKit/537.36 (KHTML, like Gecko) Chrome/43.0.2357.130 Safari/537.36"
224,2015-07-16 22:06:57.054758+01,"Mozilla/5.0 (X11; Linux x86_64) AppleWebKit/602.1+ (KHTML, like Gecko) Version/5.0 Safari/602.1+"
225,2015-07-16 22:31:07.201332+01,"Mozilla/5.0 (X11; Linux x86_64) AppleWebKit/537.36 (KHTML, like Gecko) Chrome/42.0.2311.90 Safari/537.36"
226,2015-07-17 06:08:32.086719+01,"Mozilla/5.0 (Windows NT 6.3; WOW64) AppleWebKit/537.36 (KHTML, like Gecko) Chrome/43.0.2357.134 Safari/537.36"
227,2015-07-17 11:34:28.788751+01,"Mozilla/5.0 (Windows NT 6.3; WOW64) AppleWebKit/537.36 (KHTML, like Gecko) Chrome/43.0.2357.134 Safari/537.36"
228,2015-07-17 11:38:58.389063+01,Mozilla/5.0 (Windows NT 6.3; WOW64; Trident/7.0; rv:11.0) like Gecko
229,2015-07-17 11:42:24.625853+01,Mozilla/5.0 (Windows NT 6.3; WOW64; rv:39.0) Gecko/20100101 Firefox/39.0
230,2015-07-17 17:39:08.598662+01,"Mozilla/5.0 (BB10; Kbd) AppleWebKit/537.35+ (KHTML, like Gecko) Version/10.3.1.1337 Mobile Safari/537.35+"
231,2015-07-17 18:07:26.171415+01,"Mozilla/5.0 (BB10; Kbd) AppleWebKit/537.35+ (KHTML, like Gecko) Version/10.3.1.1337 Mobile Safari/537.35+"
232,2015-07-17 19:51:10.862219+01,Mozilla/5.0 (X11; Linux x86_64; rv:38.0) Gecko/20100101 Firefox/38.0
233,2015-07-17 20:36:19.147026+01,"Mozilla/5.0 (Windows NT 6.3; WOW64) AppleWebKit/537.36 (KHTML, like Gecko) Chrome/43.0.2357.134 Safari/537.36"
234,2015-07-17 21:40:59.876257+01,"Mozilla/5.0 (BB10; Kbd) AppleWebKit/537.35+ (KHTML, like Gecko) Version/10.3.1.1337 Mobile Safari/537.35+"
235,2015-07-17 22:04:12.783752+01,"Mozilla/5.0 (BB10; Kbd) AppleWebKit/537.35+ (KHTML, like Gecko) Version/10.3.1.1337 Mobile Safari/537.35+"
236,2015-07-17 22:36:22.601482+01,"Mozilla/5.0 (BB10; Kbd) AppleWebKit/537.35+ (KHTML, like Gecko) Version/10.3.1.1337 Mobile Safari/537.35+"
237,2015-07-17 22:49:44.574338+01,"Mozilla/5.0 (BB10; Kbd) AppleWebKit/537.35+ (KHTML, like Gecko) Version/10.3.1.1337 Mobile Safari/537.35+"
238,2015-07-17 23:01:57.341599+01,"Mozilla/5.0 (BB10; Kbd) AppleWebKit/537.35+ (KHTML, like Gecko) Version/10.3.1.1337 Mobile Safari/537.35+"
239,2015-07-17 23:05:02.72893+01,"Mozilla/5.0 (BB10; Kbd) AppleWebKit/537.35+ (KHTML, like Gecko) Version/10.3.1.1337 Mobile Safari/537.35+"
240,2015-07-18 19:43:46.999782+01,"Mozilla/5.0 (Windows NT 6.3; WOW64) AppleWebKit/537.36 (KHTML, like Gecko) Chrome/43.0.2357.134 Safari/537.36"
241,2015-07-19 12:21:25.536646+01,"Mozilla/5.0 (Macintosh; Intel Mac OS X 10_10_1) AppleWebKit/537.36 (KHTML, like Gecko) Chrome/43.0.2357.134 Safari/537.36"
242,2015-07-20 00:03:43.957034+01,"Mozilla/5.0 (Linux; Android 5.1.1; Nexus 5 Build/LMY48B) AppleWebKit/537.36 (KHTML, like Gecko) Chrome/43.0.2357.93 Mobile Safari/537.36"
243,2015-07-20 04:11:03.656391+01,Mozilla/5.0 (Windows NT 6.1; WOW64; rv:42.0) Gecko/20100101 Firefox/42.0
244,2015-07-20 19:17:00.444418+01,Mozilla/5.0 (X11; Linux x86_64; rv:38.0) Gecko/20100101 Firefox/38.0
245,2015-07-20 21:42:29.938961+01,Mozilla/5.0 (X11; Ubuntu; Linux i686; rv:39.0) Gecko/20100101 Firefox/39.0
246,2015-07-21 03:32:57.431411+01,Mozilla/5.0 (X11; Ubuntu; Linux x86_64; rv:39.0) Gecko/20100101 Firefox/39.0
247,2015-07-21 16:47:03.074953+01,Mozilla/5.0 (X11; Linux x86_64; rv:38.0) Gecko/20100101 Firefox/38.0
248,2015-07-22 08:01:45.349596+01,"Mozilla/5.0 (Windows NT 6.1; Win64; x64) AppleWebKit/537.36 (KHTML, like Gecko) Chrome/44.0.2403.89 Safari/537.36"
249,2015-07-22 08:02:28.593909+01,"Mozilla/5.0 (Windows NT 6.3; WOW64) AppleWebKit/537.36 (KHTML, like Gecko) Chrome/43.0.2357.134 Safari/537.36"
250,2015-07-22 08:03:02.593731+01,"Mozilla/5.0 (Windows NT 6.3; WOW64) AppleWebKit/537.36 (KHTML, like Gecko) Chrome/43.0.2357.134 Safari/537.36"
251,2015-07-22 08:03:56.583059+01,Mozilla/5.0 (Windows NT 6.1; WOW64; rv:39.0) Gecko/20100101 Firefox/39.0
252,2015-07-22 08:05:06.370237+01,"Mozilla/5.0 (Windows NT 6.3; Win64; x64) AppleWebKit/537.36 (KHTML, like Gecko) Chrome/43.0.2357.134 Safari/537.36"
253,2015-07-22 08:14:10.811197+01,Mozilla/5.0 (Windows NT 6.3; WOW64; Trident/7.0; Touch; rv:11.0) like Gecko
254,2015-07-22 08:21:09.96159+01,"Mozilla/5.0 (Macintosh; Intel Mac OS X 10_10_2) AppleWebKit/600.4.8 (KHTML, like Gecko) Version/8.0.3 Safari/600.4.8"
255,2015-07-22 08:23:06.645161+01,"Mozilla/5.0 (Macintosh; Intel Mac OS X 10_10_2) AppleWebKit/537.36 (KHTML, like Gecko) Chrome/41.0.2272.118 Safari/537.36"
256,2015-07-22 11:50:25.612903+01,"Mozilla/5.0 (Macintosh; Intel Mac OS X 10_10_3) AppleWebKit/537.36 (KHTML, like Gecko) Chrome/43.0.2357.134 Safari/537.36"
257,2015-07-22 20:50:15.612922+01,Mozilla/5.0 (X11; Linux x86_64; rv:37.0) Gecko/20100101 Firefox/37.0
258,2015-07-23 15:32:44.34895+01,Mozilla/5.0 (X11; Linux x86_64; rv:39.0) Gecko/20100101 Firefox/39.0
259,2015-07-23 17:28:40.566687+01,"Mozilla/5.0 (Linux; Android 4.4.3; Nexus 5 Build/KTU84M) AppleWebKit/537.36 (KHTML, like Gecko) Chrome/32.0.1700.99 Mobile Safari/537.36"
260,2015-07-24 08:08:01.166982+01,"Mozilla/5.0 (Linux; Android 5.1.1; Nexus 9 Build/LMY47X) AppleWebKit/537.36 (KHTML, like Gecko) Chrome/40.0.2214.89 Safari/537.36"
261,2015-07-24 20:50:43.706831+01,"Mozilla/5.0 (Windows NT 6.3; WOW64) AppleWebKit/537.36 (KHTML, like Gecko) Chrome/43.0.2357.134 Safari/537.36"
262,2015-07-24 22:35:27.041786+01,"Mozilla/5.0 (X11; Linux x86_64) AppleWebKit/537.36 (KHTML, like Gecko) Chrome/31.0.1650.63 Safari/537.36"
263,2015-07-24 22:47:22.14603+01,Mozilla/5.0 (X11; Linux x86_64; rv:38.0) Gecko/20100101 Firefox/38.0
264,2015-07-24 22:48:46.935048+01,"Mozilla/5.0 (X11; Linux x86_64) AppleWebKit/537.36 (KHTML, like Gecko) Chrome/31.0.1650.63 Safari/537.36"
265,2015-07-24 22:49:56.389133+01,"Mozilla/5.0 (X11; Linux x86_64) AppleWebKit/537.36 (KHTML, like Gecko) Chrome/42.0.2311.90 Safari/537.36"
266,2015-07-24 22:56:18.761434+01,"Mozilla/5.0 (X11; Linux x86_64) AppleWebKit/537.36 (KHTML, like Gecko) Chrome/42.0.2311.90 Safari/537.36"
267,2015-07-25 21:35:00.214697+01,"Mozilla/5.0 (Windows NT 6.1; WOW64) AppleWebKit/537.36 (KHTML, like Gecko) Chrome/43.0.2357.134 Safari/537.36"
268,2015-07-26 17:51:32.501018+01,"Mozilla/5.0 (iPhone; CPU iPhone OS 8_1 like Mac OS X) AppleWebKit/600.1.4 (KHTML, like Gecko) Version/8.0 Mobile/12B411 Safari/600.1.4"
269,2015-07-27 16:47:47.189829+01,Mozilla/5.0 (X11; Linux x86_64; rv:38.0) Gecko/20100101 Firefox/38.0
270,2015-07-27 17:40:41.562196+01,Mozilla/5.0 (X11; Linux x86_64; rv:38.0) Gecko/20100101 Firefox/38.0
271,2015-07-27 17:46:49.91717+01,Mozilla/5.0 (X11; Linux x86_64; rv:38.0) Gecko/20100101 Firefox/38.0
272,2015-07-27 17:48:17.337749+01,Mozilla/5.0 (X11; Linux x86_64; rv:38.0) Gecko/20100101 Firefox/38.0
273,2015-07-27 18:17:27.417664+01,Mozilla/5.0 (X11; Linux x86_64; rv:38.0) Gecko/20100101 Firefox/38.0
274,2015-07-27 18:23:44.233097+01,"Mozilla/5.0 (BB10; Kbd) AppleWebKit/537.35+ (KHTML, like Gecko) Version/10.3.1.1337 Mobile Safari/537.35+"
275,2015-07-28 21:38:59.299199+01,"Mozilla/5.0 (BB10; Kbd) AppleWebKit/537.35+ (KHTML, like Gecko) Version/10.3.1.1337 Mobile Safari/537.35+"
276,2015-07-28 22:35:46.508081+01,"Mozilla/5.0 (BB10; Kbd) AppleWebKit/537.35+ (KHTML, like Gecko) Version/10.3.1.1337 Mobile Safari/537.35+"
277,2015-07-28 22:37:09.592789+01,"Mozilla/5.0 (BB10; Kbd) AppleWebKit/537.35+ (KHTML, like Gecko) Version/10.3.1.1337 Mobile Safari/537.35+"
278,2015-07-28 22:39:05.180732+01,"Mozilla/5.0 (BB10; Kbd) AppleWebKit/537.35+ (KHTML, like Gecko) Version/10.3.1.1337 Mobile Safari/537.35+"
279,2015-07-29 15:09:08.52501+01,Mozilla/5.0 (Windows NT 6.1; WOW64; rv:39.0) Gecko/20100101 Firefox/39.0
280,2015-07-29 20:25:02.00837+01,"Mozilla/5.0 (X11; Linux x86_64) AppleWebKit/537.36 (KHTML, like Gecko) Chrome/31.0.1650.63 Safari/537.36"
281,2015-07-29 20:45:46.168572+01,"Mozilla/5.0 (BB10; Kbd) AppleWebKit/537.35+ (KHTML, like Gecko) Version/10.3.1.1337 Mobile Safari/537.35+"
282,2015-07-29 20:55:08.894964+01,"Mozilla/5.0 (Macintosh; Intel Mac OS X 10_10_4) AppleWebKit/537.36 (KHTML, like Gecko) Chrome/44.0.2403.107 Safari/537.36"
283,2015-07-29 20:58:07.883687+01,"Mozilla/5.0 (BB10; Kbd) AppleWebKit/537.35+ (KHTML, like Gecko) Version/10.3.1.1337 Mobile Safari/537.35+"
284,2015-07-29 21:22:06.991347+01,"Mozilla/5.0 (X11; Linux x86_64) AppleWebKit/537.36 (KHTML, like Gecko) Chrome/42.0.2311.90 Safari/537.36"
285,2015-07-29 21:39:18.514943+01,"Mozilla/5.0 (BB10; Kbd) AppleWebKit/537.35+ (KHTML, like Gecko) Version/10.3.1.1337 Mobile Safari/537.35+"
286,2015-07-29 21:53:59.790333+01,"Mozilla/5.0 (BB10; Kbd) AppleWebKit/537.35+ (KHTML, like Gecko) Version/10.3.1.1337 Mobile Safari/537.35+"
287,2015-07-29 22:03:00.537219+01,"Mozilla/5.0 (BB10; Kbd) AppleWebKit/537.35+ (KHTML, like Gecko) Version/10.3.1.1337 Mobile Safari/537.35+"
288,2015-07-29 22:47:15.737556+01,"Mozilla/5.0 (BB10; Kbd) AppleWebKit/537.35+ (KHTML, like Gecko) Version/10.3.1.1337 Mobile Safari/537.35+"
289,2015-07-29 22:59:57.262003+01,"Mozilla/5.0 (BB10; Kbd) AppleWebKit/537.35+ (KHTML, like Gecko) Version/10.3.1.1337 Mobile Safari/537.35+"
290,2015-07-30 00:31:34.995876+01,"Mozilla/5.0 (Windows NT 6.3; WOW64) AppleWebKit/537.36 (KHTML, like Gecko) Chrome/44.0.2403.107 Safari/537.36"
291,2015-07-30 15:18:38.960073+01,"Mozilla/5.0 (Windows NT 10.0; Win64; x64) AppleWebKit/537.36 (KHTML, like Gecko) Chrome/42.0.2311.135 Safari/537.36 Edge/12.10240"
292,2015-07-30 16:14:06.203525+01,"Mozilla/5.0 (BB10; Kbd) AppleWebKit/537.35+ (KHTML, like Gecko) Version/10.3.1.1337 Mobile Safari/537.35+"
293,2015-07-30 16:27:20.766133+01,"Mozilla/5.0 (BB10; Kbd) AppleWebKit/537.35+ (KHTML, like Gecko) Version/10.3.1.1337 Mobile Safari/537.35+"
294,2015-07-30 17:29:48.343129+01,"Mozilla/5.0 (BB10; Kbd) AppleWebKit/537.35+ (KHTML, like Gecko) Version/10.3.1.1337 Mobile Safari/537.35+"
295,2015-07-30 17:38:15.286352+01,"Mozilla/5.0 (BB10; Kbd) AppleWebKit/537.35+ (KHTML, like Gecko) Version/10.3.1.1337 Mobile Safari/537.35+"
296,2015-07-30 17:46:45.054311+01,"Mozilla/5.0 (BB10; Kbd) AppleWebKit/537.35+ (KHTML, like Gecko) Version/10.3.1.1337 Mobile Safari/537.35+"
297,2015-07-30 18:02:11.579435+01,"Mozilla/5.0 (BB10; Kbd) AppleWebKit/537.35+ (KHTML, like Gecko) Version/10.3.1.1337 Mobile Safari/537.35+"
298,2015-07-30 18:06:46.689823+01,"Mozilla/5.0 (BB10; Kbd) AppleWebKit/537.35+ (KHTML, like Gecko) Version/10.3.1.1337 Mobile Safari/537.35+"
299,2015-07-31 03:16:55.988564+01,"Mozilla/5.0 (Windows NT 6.1; WOW64) AppleWebKit/537.36 (KHTML, like Gecko) Chrome/44.0.2403.125 Safari/537.36"
300,2015-08-01 04:26:43.42777+01,"Mozilla/5.0 (Linux; Android 5.1.1; SGP612 Build/23.4.A.0.570; wv) AppleWebKit/537.36 (KHTML, like Gecko) Version/4.0 Chrome/42.0.2311.137 Safari/537.36 TwitterAndroid"
301,2015-08-01 05:22:02.784129+01,"Mozilla/5.0 (Linux; Android 5.1.1; SGP612 Build/23.4.A.0.570; wv) AppleWebKit/537.36 (KHTML, like Gecko) Version/4.0 Chrome/42.0.2311.137 Safari/537.36"
302,2015-08-03 19:50:09.66548+01,"Mozilla/5.0 (X11; Linux x86_64) AppleWebKit/602.1+ (KHTML, like Gecko) Version/5.0 Safari/602.1+"
303,2015-08-03 21:39:12.709778+01,"Mozilla/5.0 (X11; Linux x86_64) AppleWebKit/602.1+ (KHTML, like Gecko) Version/5.0 Safari/602.1+"
304,2015-08-03 21:46:37.853983+01,"Mozilla/5.0 (X11; Linux x86_64) AppleWebKit/602.1+ (KHTML, like Gecko) Version/5.0 Safari/602.1+"
305,2015-08-04 14:40:38.311248+01,"Mozilla/5.0 (Macintosh; Intel Mac OS X 10_9_5) AppleWebKit/537.36 (KHTML, like Gecko) Chrome/44.0.2403.125 Safari/537.36"
306,2015-08-04 21:59:07.440168+01,"Mozilla/5.0 (X11; Linux x86_64) AppleWebKit/602.1+ (KHTML, like Gecko) Version/5.0 Safari/602.1+"
307,2015-08-04 22:10:55.825388+01,"Mozilla/5.0 (X11; Linux x86_64) AppleWebKit/602.1+ (KHTML, like Gecko) Version/5.0 Safari/602.1+"
308,2015-08-04 22:25:08.665868+01,"Mozilla/5.0 (X11; Linux x86_64) AppleWebKit/602.1+ (KHTML, like Gecko) Version/5.0 Safari/602.1+"
309,2015-08-04 22:41:25.508482+01,"Mozilla/5.0 (X11; Linux x86_64) AppleWebKit/602.1+ (KHTML, like Gecko) Version/5.0 Safari/602.1+"
310,2015-08-04 23:08:04.439284+01,"Mozilla/5.0 (X11; Linux x86_64) AppleWebKit/602.1+ (KHTML, like Gecko) Version/5.0 Safari/602.1+"
311,2015-08-05 09:05:51.570065+01,"Mozilla/5.0 (Macintosh; Intel Mac OS X 10_9_5) AppleWebKit/537.36 (KHTML, like Gecko) Chrome/41.0.2272.76 Safari/537.36 OPR/28.0.1750.40"
312,2015-08-05 21:06:27.24283+01,"Mozilla/5.0 (BB10; Kbd) AppleWebKit/537.35+ (KHTML, like Gecko) Version/10.3.1.1337 Mobile Safari/537.35+"
313,2015-08-05 22:13:36.12748+01,"Mozilla/5.0 (BB10; Kbd) AppleWebKit/537.35+ (KHTML, like Gecko) Version/10.3.1.1337 Mobile Safari/537.35+"
314,2015-08-05 23:02:21.061971+01,"Mozilla/5.0 (BB10; Kbd) AppleWebKit/537.35+ (KHTML, like Gecko) Version/10.3.1.1337 Mobile Safari/537.35+"
315,2015-08-06 11:00:46.569487+01,"Mozilla/5.0 (Macintosh; Intel Mac OS X 10_10_4) AppleWebKit/600.7.12 (KHTML, like Gecko) Version/8.0.7 Safari/600.7.12"
316,2015-08-06 11:09:11.817567+01,Mozilla/5.0 (Macintosh; Intel Mac OS X 10.10; rv:39.0) Gecko/20100101 Firefox/39.0
317,2015-08-06 11:20:25.201059+01,"Mozilla/5.0 (Macintosh; Intel Mac OS X 10_10_4) AppleWebKit/537.36 (KHTML, like Gecko) Chrome/44.0.2403.130 Safari/537.36"
318,2015-08-06 16:12:14.948882+01,"Mozilla/5.0 (BB10; Kbd) AppleWebKit/537.35+ (KHTML, like Gecko) Version/10.3.1.1337 Mobile Safari/537.35+"
319,2015-08-06 19:47:01.905963+01,"Mozilla/5.0 (BB10; Kbd) AppleWebKit/537.35+ (KHTML, like Gecko) Version/10.3.1.1337 Mobile Safari/537.35+"
320,2015-08-11 10:07:47.174052+01,"Mozilla/5.0 (Windows NT 6.3; WOW64) AppleWebKit/537.36 (KHTML, like Gecko) Chrome/44.0.2403.130 Safari/537.36"
321,2015-08-11 10:08:13.779247+01,Mozilla/5.0 (Windows NT 6.3; WOW64; rv:39.0) Gecko/20100101 Firefox/39.0
322,2015-08-11 10:08:35.437515+01,Mozilla/5.0 (Windows NT 6.3; WOW64; rv:39.0) Gecko/20100101 Firefox/39.0
323,2015-08-11 10:09:05.440781+01,"Mozilla/5.0 (Windows NT 6.3; WOW64) AppleWebKit/537.36 (KHTML, like Gecko) Chrome/44.0.2403.130 Safari/537.36"
324,2015-08-11 10:09:07.458025+01,"Mozilla/5.0 (X11; Linux x86_64) AppleWebKit/537.36 (KHTML, like Gecko) Chrome/39.0.2171.95 Safari/537.36"
325,2015-08-11 10:09:11.151343+01,"Mozilla/5.0 (iPhone; CPU iPhone OS 9_0 like Mac OS X) AppleWebKit/601.1.46 (KHTML, like Gecko) Version/9.0 Mobile/13A4325c Safari/601.1"
326,2015-08-11 10:09:19.251044+01,"Mozilla/5.0 (X11; Linux x86_64) AppleWebKit/537.36 (KHTML, like Gecko) Ubuntu Chromium/37.0.2062.120 Chrome/37.0.2062.120 Safari/537.36"
327,2015-08-12 00:26:05.858329+01,Mozilla/5.0 (X11; Linux x86_64; rv:39.0) Gecko/20100101 Firefox/39.0
328,2015-08-12 00:36:59.150443+01,Mozilla/5.0 (X11; Linux x86_64; rv:39.0) Gecko/20100101 Firefox/39.0
329,2015-08-12 01:13:08.388314+01,"Mozilla/5.0 (X11; Linux x86_64) AppleWebKit/537.36 (KHTML, like Gecko) Chrome/42.0.2311.90 Safari/537.36"
330,2015-08-12 09:21:21.450745+01,"Mozilla/5.0 (Windows NT 10.0; WOW64) AppleWebKit/537.36 (KHTML, like Gecko) Chrome/44.0.2403.130 Safari/537.36"
331,2015-08-12 19:58:55.220752+01,"Mozilla/5.0 (BB10; Kbd) AppleWebKit/537.35+ (KHTML, like Gecko) Version/10.3.2.2693 Mobile Safari/537.35+"
332,2015-08-12 19:59:47.504547+01,"Mozilla/5.0 (BB10; Kbd) AppleWebKit/537.35+ (KHTML, like Gecko) Version/10.3.2.2657 Mobile Safari/537.35+"
333,2015-08-13 01:05:49.496424+01,Mozilla/5.0 (X11; Linux x86_64; rv:39.0) Gecko/20100101 Firefox/39.0
334,2015-08-13 10:43:20.234714+01,"Mozilla/5.0 (Windows NT 6.1) AppleWebKit/537.36 (KHTML, like Gecko) Chrome/46.0.2478.0 Safari/537.36"
335,2015-08-13 12:03:31.896263+01,Mozilla/5.0 (X11; Linux x86_64; rv:38.0) Gecko/20100101 Firefox/38.0 Iceweasel/38.2.0
336,2015-08-13 14:27:00.383339+01,"Mozilla/5.0 (Windows NT 6.3; WOW64) AppleWebKit/537.36 (KHTML, like Gecko) Chrome/44.0.2403.130 Safari/537.36"
337,2015-08-13 14:30:24.717757+01,Mozilla/5.0 (Windows NT 6.3; WOW64; rv:39.0) Gecko/20100101 Firefox/39.0
338,2015-08-13 14:30:27.191776+01,Mozilla/5.0 (Windows NT 6.3; WOW64; Trident/7.0; rv:11.0) like Gecko
339,2015-08-13 14:46:24.880704+01,Mozilla/5.0 (Windows NT 6.2; WOW64; rv:18.0) Gecko/20100101 Firefox/18.0
340,2015-08-13 16:49:36.961757+01,"Mozilla/5.0 (BB10; Kbd) AppleWebKit/537.35+ (KHTML, like Gecko) Version/10.3.1.1337 Mobile Safari/537.35+"
341,2015-08-13 16:51:41.208042+01,"Mozilla/5.0 (BB10; Kbd) AppleWebKit/537.35+ (KHTML, like Gecko) Version/10.3.1.1337 Mobile Safari/537.35+"
342,2015-08-13 17:25:10.407418+01,"Mozilla/5.0 (Macintosh; Intel Mac OS X 10_9_4) AppleWebKit/537.77.4 (KHTML, like Gecko) Safari/522.0"
343,2015-08-13 18:42:07.665763+01,"Mozilla/5.0 (BB10; Kbd) AppleWebKit/537.35+ (KHTML, like Gecko) Version/10.3.1.1337 Mobile Safari/537.35+"
344,2015-08-13 18:44:27.462443+01,"Mozilla/5.0 (X11; Linux x86_64) AppleWebKit/537.36 (KHTML, like Gecko) Chrome/31.0.1650.63 Safari/537.36"
345,2015-08-13 18:46:38.676627+01,"Mozilla/5.0 (BB10; Kbd) AppleWebKit/537.35+ (KHTML, like Gecko) Version/10.3.1.1337 Mobile Safari/537.35+"
346,2015-08-14 08:12:57.076079+01,"Mozilla/5.0 (BB10; Touch) AppleWebKit/537.35+ (KHTML, like Gecko) Version/10.3.1.995 Mobile Safari/537.35+"
347,2015-08-14 11:46:02.310971+01,Mozilla/5.0 (compatible; MSIE 10.0; Windows NT 6.1; WOW64; Trident/6.0)
348,2015-08-16 16:36:36.193394+01,"Mozilla/5.0 (BB10; Kbd) AppleWebKit/537.35+ (KHTML, like Gecko) Version/10.3.1.2576 Mobile Safari/537.35+"
349,2015-08-17 12:33:58.272963+01,"Mozilla/5.0 (Macintosh; Intel Mac OS X 10_10_1) AppleWebKit/537.36 (KHTML, like Gecko) Chrome/44.0.2403.155 Safari/537.36"
350,2015-08-17 18:26:13.462918+01,"Mozilla/5.0 (X11; Linux x86_64) AppleWebKit/537.36 (KHTML, like Gecko) Chrome/44.0.2403.155 Safari/537.36"
351,2015-08-18 21:33:54.641113+01,"Mozilla/5.0 (BB10; Kbd) AppleWebKit/537.35+ (KHTML, like Gecko) Version/10.3.2.2639 Mobile Safari/537.35+"
352,2015-08-23 22:52:37.377975+01,"Mozilla/5.0 (Macintosh; Intel Mac OS X 10_7_5) AppleWebKit/537.77.4 (KHTML, like Gecko) Version/6.1.5 Safari/537.77.4"
353,2015-08-24 16:47:25.080457+01,"Mozilla/5.0 (Macintosh; Intel Mac OS X 10_9_4) AppleWebKit/537.36 (KHTML, like Gecko) Chrome/44.0.2403.155 Safari/537.36"
354,2015-08-24 16:55:53.948001+01,"Mozilla/5.0 (Macintosh; Intel Mac OS X 10_9_4) AppleWebKit/537.36 (KHTML, like Gecko) Chrome/44.0.2403.155 Safari/537.36"
355,2015-08-24 17:22:17.031169+01,"Mozilla/5.0 (Macintosh; Intel Mac OS X 10_9_4) AppleWebKit/537.36 (KHTML, like Gecko) Chrome/44.0.2403.155 Safari/537.36"
356,2015-08-24 17:22:38.491841+01,"Mozilla/5.0 (Macintosh; Intel Mac OS X 10_9_4) AppleWebKit/537.36 (KHTML, like Gecko) Chrome/44.0.2403.155 Safari/537.36"
357,2015-08-27 18:36:48.248907+01,"Mozilla/5.0 (Windows NT 10.0; WOW64) AppleWebKit/537.36 (KHTML, like Gecko) Chrome/44.0.2403.89 Safari/537.36"
358,2015-08-31 11:58:51.062102+01,Mozilla/5.0 (X11; Ubuntu; Linux i686; rv:40.0) Gecko/20100101 Firefox/40.0
359,2015-09-03 12:37:25.286876+01,Mozilla/5.0 (Windows NT 6.1; WOW64; rv:40.0) Gecko/20100101 Firefox/40.0
360,2015-09-03 12:40:30.865157+01,Mozilla/5.0 (Windows NT 6.1; WOW64; rv:40.0) Gecko/20100101 Firefox/40.0
361,2015-09-03 12:41:01.800303+01,Mozilla/5.0 (Windows NT 6.1; WOW64; rv:40.0) Gecko/20100101 Firefox/40.0
362,2015-09-03 18:45:38.282175+01,"Mozilla/5.0 (X11; OpenBSD amd64) AppleWebKit/537.36 (KHTML, like Gecko) Chrome/44.0.2403.157 Safari/537.36"
363,2015-09-03 20:49:34.436301+01,"Mozilla/5.0 (Macintosh; Intel Mac OS X 10_10_4) AppleWebKit/537.36 (KHTML, like Gecko) Chrome/44.0.2403.157 Safari/537.36"
364,2015-09-03 21:55:00.494285+01,"Mozilla/5.0 (Windows NT 6.1; WOW64) AppleWebKit/537.36 (KHTML, like Gecko) Chrome/45.0.2454.85 Safari/537.36"
365,2015-09-03 22:13:46.214414+01,Mozilla/5.0 (Windows NT 6.1; WOW64; Trident/7.0; rv:11.0) like Gecko
366,2015-09-03 23:37:09.3935+01,Mozilla/5.0 (Windows NT 6.1; WOW64; rv:38.0) Gecko/20100101 Firefox/38.0
367,2015-09-10 16:15:53.716428+01,"Mozilla/5.0 (Macintosh; Intel Mac OS X 10_10_4) AppleWebKit/537.36 (KHTML, like Gecko) Chrome/44.0.2403.157 Safari/537.36"
368,2015-09-11 20:16:54.096526+01,"Mozilla/5.0 (X11; Linux x86_64) AppleWebKit/537.36 (KHTML, like Gecko) Chrome/41.0.2272.89 Safari/537.36"
369,2015-09-11 21:08:40.385611+01,Mozilla/5.0 (X11; Ubuntu; Linux x86_64; rv:40.0) Gecko/20100101 Firefox/40.0
370,2015-09-15 15:29:59.317344+01,"Mozilla/5.0 (Macintosh; Intel Mac OS X 10_9_4) AppleWebKit/537.36 (KHTML, like Gecko) Chrome/44.0.2403.157 Safari/537.36"
371,2015-09-18 02:20:33.763855+01,"Mozilla/5.0 (Macintosh; Intel Mac OS X 10_9_2) AppleWebKit/537.36 (KHTML, like Gecko) Chrome/45.0.2454.85 Safari/537.36"
372,2015-09-23 14:20:16.416668+01,Mozilla/5.0 (X11; Ubuntu; Linux x86_64; rv:41.0) Gecko/20100101 Firefox/41.0
373,2015-09-28 12:43:16.454872+01,Mozilla/5.0 (X11; Linux x86_64; rv:25.0) Gecko/20100101 Firefox/25.0
374,2015-09-28 12:45:31.023848+01,"Mozilla/5.0 (Macintosh; Intel Mac OS X 10_9_5) AppleWebKit/537.78.2 (KHTML, like Gecko) Version/7.0.6 Safari/537.78.2"
375,2015-09-30 15:51:10.048697+01,"Mozilla/5.0 (Macintosh; Intel Mac OS X 10_9_5) AppleWebKit/537.36 (KHTML, like Gecko) Chrome/45.0.2454.99 Safari/537.36"
376,2015-10-01 16:48:07.15809+01,Mozilla/5.0 (Windows NT 6.1; WOW64; Trident/7.0; rv:11.0) like Gecko
377,2015-10-01 19:02:31.492236+01,"Mozilla/5.0 (Macintosh; Intel Mac OS X 10_9_4) AppleWebKit/537.36 (KHTML, like Gecko) Chrome/45.0.2454.85 Safari/537.36"
378,2015-10-03 17:15:30.046656+01,Mozilla/5.0 (Windows NT 6.1; WOW64; rv:41.0) Gecko/20100101 Firefox/41.0
379,2015-10-03 17:20:12.994981+01,"Mozilla/5.0 (Windows NT 6.1; Win64; x64) AppleWebKit/537.36 (KHTML, like Gecko) Chrome/44.0.2380.0 Safari/537.36"
380,2015-10-03 20:08:12.241264+01,"Mozilla/5.0 (Windows NT 6.1; Win64; x64) AppleWebKit/537.36 (KHTML, like Gecko) Chrome/48.0.2527.0 Safari/537.36"
381,2015-10-03 21:28:33.128224+01,"Mozilla/5.0 (Windows NT 6.1; Win64; x64) AppleWebKit/537.36 (KHTML, like Gecko) Chrome/48.0.2527.0 Safari/537.36"
382,2015-10-06 00:47:04.99781+01,Mozilla/5.0 (Windows NT 10.0; WOW64; rv:41.0) Gecko/20100101 Firefox/41.0
383,2015-10-06 03:42:56.034301+01,Mozilla/5.0 (X11; Linux x86_64; rv:18.0) Gecko/20100101 Firefox/18.0
384,2015-10-06 03:44:04.703503+01,"Mozilla/5.0 (X11; Linux x86_64) AppleWebKit/537.36 (KHTML, like Gecko) Chrome/45.0.2454.101 Safari/537.36"
385,2015-10-06 06:53:20.197967+01,"Mozilla/5.0 (Macintosh; Intel Mac OS X 10_10_5) AppleWebKit/601.1.56 (KHTML, like Gecko) Version/9.0 Safari/601.1.56"
386,2015-10-07 10:36:27.779105+01,Mozilla/5.0 (X11; Linux x86_64; rv:18.0) Gecko/20100101 Firefox/18.0 FirePHP/0.7.1
387,2015-10-08 03:57:11.755584+01,"Mozilla/5.0 (Windows NT 6.1; WOW64) AppleWebKit/537.36 (KHTML, like Gecko) Chrome/45.0.2454.99 Safari/537.36"
388,2015-10-08 14:00:21.501992+01,"Mozilla/5.0 (Macintosh; Intel Mac OS X 10_11) AppleWebKit/601.1.56 (KHTML, like Gecko) Version/9.0 Safari/601.1.56"
389,2015-10-08 14:21:36.037717+01,"Mozilla/5.0 (Macintosh; Intel Mac OS X 10_11_0) AppleWebKit/537.36 (KHTML, like Gecko) Chrome/45.0.2454.101 Safari/537.36"
390,2015-10-12 21:00:23.800424+01,"Mozilla/5.0 (Windows NT 6.3; WOW64) AppleWebKit/537.36 (KHTML, like Gecko) Chrome/45.0.2454.101 Safari/537.36"
391,2015-10-13 23:03:38.611152+01,Mozilla/5.0 (X11; Ubuntu; Linux x86_64; rv:38.0) Gecko/20100101 Firefox/38.0
392,2015-10-14 05:33:49.761842+01,"Mozilla/5.0 (Macintosh; Intel Mac OS X 10_9_5) AppleWebKit/601.1.56 (KHTML, like Gecko) Version/9.0 Safari/537.86.1"
393,2015-10-14 07:10:53.733236+01,"Mozilla/5.0 (X11; Linux x86_64) AppleWebKit/537.36 (KHTML, like Gecko) Chrome/45.0.2454.101 Safari/537.36"
394,2015-10-14 07:15:35.075095+01,Mozilla/5.0 (X11; Linux x86_64; rv:18.0) Gecko/20100101 Firefox/18.0
395,2015-10-14 09:48:24.405892+01,Mozilla/5.0 (Windows NT 10.0; WOW64; rv:41.0) Gecko/20100101 Firefox/41.0
396,2015-10-14 09:48:37.173662+01,"Mozilla/5.0 (Macintosh; Intel Mac OS X 10_10_5) AppleWebKit/537.36 (KHTML, like Gecko) Chrome/45.0.2454.101 Safari/537.36"
397,2015-10-14 13:31:52.995774+01,Mozilla/5.0 (X11; Ubuntu; Linux x86_64; rv:41.0) Gecko/20100101 Firefox/41.0
398,2015-10-14 15:42:06.407946+01,Mozilla/5.0 (X11; Ubuntu; Linux x86_64; rv:41.0) Gecko/20100101 Firefox/41.0
399,2015-10-14 16:52:54.402984+01,Mozilla/5.0 (Windows NT 6.1; WOW64; rv:41.0) Gecko/20100101 Firefox/41.0
400,2015-10-14 16:59:17.165395+01,Mozilla/5.0 (Windows NT 6.2; WOW64; rv:41.0) Gecko/20100101 Firefox/41.0
401,2015-10-14 16:59:32.913764+01,"Mozilla/5.0 (Windows NT 6.2; WOW64) AppleWebKit/537.36 (KHTML, like Gecko) Chrome/45.0.2454.101 Safari/537.36"
402,2015-10-16 16:42:21.707783+01,"Mozilla/5.0 (X11; Linux x86_64) AppleWebKit/537.36 (KHTML, like Gecko) Chrome/42.0.2311.90 Safari/537.36"
403,2015-10-16 16:45:31.382218+01,"Mozilla/5.0 (Macintosh; Intel Mac OS X 10_11) AppleWebKit/601.1.39 (KHTML, like Gecko) Version/9.0 Safari/601.1.39"
404,2015-10-16 16:50:22.086021+01,Mozilla/5.0 (Windows NT 10.0; WOW64; Trident/7.0; rv:11.0) like Gecko
405,2015-10-16 16:54:21.467295+01,Mozilla/5.0 (compatible; MSIE 10.0; Windows NT 6.1; WOW64; Trident/6.0)
406,2015-10-19 16:52:45.190714+01,Mozilla/5.0 (Windows NT 10.0; WOW64; rv:41.0) Gecko/20100101 Firefox/41.0
407,2015-10-19 17:05:38.303405+01,Mozilla/5.0 (Windows NT 10.0; WOW64; Trident/7.0; rv:11.0) like Gecko
408,2015-10-19 17:06:25.986901+01,"Mozilla/5.0 (Windows NT 10.0; Win64; x64) AppleWebKit/537.36 (KHTML, like Gecko) Chrome/42.0.2311.135 Safari/537.36 Edge/12.10240"
409,2015-10-19 17:11:14.432099+01,"Mozilla/5.0 (Windows NT 10.0; WOW64) AppleWebKit/537.36 (KHTML, like Gecko) Chrome/46.0.2490.71 Safari/537.36"
410,2015-10-20 23:39:29.946828+01,Mozilla/5.0 (Windows NT 10.0; WOW64; rv:41.0) Gecko/20100101 Firefox/41.0
411,2015-10-21 00:14:56.973668+01,"Mozilla/5.0 (Windows NT 10.0; WOW64) AppleWebKit/537.36 (KHTML, like Gecko) Chrome/46.0.2490.71 Safari/537.36"
412,2015-10-21 00:20:21.217865+01,"Mozilla/5.0 (Windows NT 10.0; WOW64) AppleWebKit/537.36 (KHTML, like Gecko) Chrome/45.0.2454.93 Safari/537.36 OPR/32.0.1948.69"
413,2015-10-21 00:22:01.051918+01,"Mozilla/5.0 (Windows NT 10.0; WOW64) AppleWebKit/537.36 (KHTML, like Gecko) Chrome/46.0.2490.71 Safari/537.36"
414,2015-10-21 00:28:31.879458+01,"Mozilla/5.0 (Windows NT 10.0; WOW64) AppleWebKit/537.36 (KHTML, like Gecko) Chrome/45.0.2454.93 Safari/537.36 OPR/32.0.1948.69"
415,2015-10-21 00:36:08.82014+01,Mozilla/5.0 (Windows NT 10.0; WOW64; rv:41.0) Gecko/20100101 Firefox/41.0
416,2015-10-21 14:14:59.153996+01,"Mozilla/5.0 (X11; Linux x86_64) AppleWebKit/537.36 (KHTML, like Gecko) Chrome/45.0.2454.101 Safari/537.36"
417,2015-10-21 14:15:24.089312+01,"Mozilla/5.0 (Windows NT 10.0; WOW64) AppleWebKit/537.36 (KHTML, like Gecko) Chrome/46.0.2490.71 Safari/537.36"
418,2015-10-21 14:26:40.875436+01,Mozilla/5.0 (Windows NT 10.0; WOW64; rv:41.0) Gecko/20100101 Firefox/41.0
419,2015-10-21 14:35:09.839775+01,"Mozilla/5.0 (Windows NT 10.0; WOW64) AppleWebKit/537.36 (KHTML, like Gecko) Chrome/46.0.2490.71 Safari/537.36"
420,2015-10-22 17:22:10.821959+01,"Mozilla/5.0 (Linux; Android 5.0; SM-G900F Build/LRX21T) AppleWebKit/537.36 (KHTML, like Gecko) Chrome/44.0.2403.133 Mobile Safari/537.36"
421,2015-10-22 17:28:03.459322+01,"Mozilla/5.0 (Linux; Android 5.0; SAMSUNG SM-G900F Build/LRX21T) AppleWebKit/537.36 (KHTML, like Gecko) SamsungBrowser/2.1 Chrome/34.0.1847.76 Mobile Safari/537.36"
424,2015-10-22 17:52:04.451893+01,"Mozilla/5.0 (Linux; Android 4.4.4; G620S-L01 Build/HuaweiG620S-L01) AppleWebKit/537.36 (KHTML, like Gecko) Chrome/46.0.2490.76 Mobile Safari/537.36"
425,2015-10-22 19:04:05.394446+01,Mozilla/5.0 (Windows NT 6.1; WOW64; Trident/7.0; VisaSOE; rv:11.0) like Gecko
426,2015-10-22 19:09:50.161931+01,"Mozilla/5.0 (Macintosh; Intel Mac OS X 10_10_0) AppleWebKit/537.36 (KHTML, like Gecko) Chrome/45.0.2454.101 Safari/537.36"
427,2015-10-22 19:12:23.842137+01,"Mozilla/5.0 (Macintosh; Intel Mac OS X 10_10_5) AppleWebKit/537.36 (KHTML, like Gecko) Chrome/48.0.2535.0 Safari/537.36"
428,2015-10-22 19:26:20.630205+01,Mozilla/5.0 (Macintosh; Intel Mac OS X 10.10; rv:41.0) Gecko/20100101 Firefox/41.0
429,2015-10-22 19:38:33.110863+01,"Mozilla/5.0 (Macintosh; Intel Mac OS X 10_10_5) AppleWebKit/600.8.9 (KHTML, like Gecko) Version/8.0.8 Safari/600.8.9"
430,2015-10-22 20:01:45.586214+01,"Mozilla/5.0 (Macintosh; Intel Mac OS X 10_10_5) AppleWebKit/537.36 (KHTML, like Gecko) Chrome/46.0.2490.71 Safari/537.36"
431,2015-10-22 20:25:59.391077+01,Mozilla/5.0 (Windows NT 6.1; rv:38.0) Gecko/20100101 Firefox/38.0
432,2015-10-22 20:38:30.882542+01,Mozilla/5.0 (X11; Linux x86_64; rv:41.0) Gecko/20100101 Firefox/41.0
433,2015-10-22 20:40:44.219704+01,"Mozilla/5.0 (X11; Linux x86_64) AppleWebKit/537.36 (KHTML, like Gecko) Chrome/46.0.2490.80 Safari/537.36"
434,2015-10-22 20:44:40.003949+01,"Mozilla/5.0 (Windows NT 10.0; WOW64) AppleWebKit/537.36 (KHTML, like Gecko) Chrome/46.0.2490.71 Safari/537.36"
435,2015-10-22 20:45:59.259572+01,"Mozilla/5.0 (X11; OpenBSD amd64) AppleWebKit/537.36 (KHTML, like Gecko) Chrome/46.0.2490.71 Safari/537.36"
436,2015-10-22 20:48:59.365689+01,"Mozilla/5.0 (Macintosh; Intel Mac OS X 10_10_5) AppleWebKit/601.2.7 (KHTML, like Gecko) Version/9.0.1 Safari/601.2.7"
437,2015-10-22 20:52:49.107579+01,"Mozilla/5.0 (Macintosh; Intel Mac OS X 10_11) AppleWebKit/601.1.56 (KHTML, like Gecko) Version/9.0 Safari/601.1.56"
438,2015-10-22 20:53:07.876584+01,Mozilla/5.0 (X11; Ubuntu; Linux x86_64; rv:39.0) Gecko/20100101 Firefox/39.0
439,2015-10-22 20:54:07.428963+01,Mozilla/5.0 (X11; OpenBSD amd64; rv:41.0) Gecko/20100101 Firefox/41.0
440,2015-10-22 20:58:58.11111+01,"Mozilla/5.0 (Macintosh; Intel Mac OS X 10_11_0) AppleWebKit/537.36 (KHTML, like Gecko) Chrome/46.0.2490.71 Safari/537.36"
441,2015-10-22 20:59:39.92575+01,Mozilla/5.0 (Windows NT 10.0; WOW64; rv:41.0) Gecko/20100101 Firefox/41.0
442,2015-10-22 21:01:01.058433+01,"Mozilla/5.0 (Windows NT 10.0; Win64; x64) AppleWebKit/537.36 (KHTML, like Gecko) Chrome/42.0.2311.135 Safari/537.36 Edge/12.10240"
443,2015-10-22 21:10:34.579228+01,Mozilla/5.0 (masking-agent; rv:27.0) Gecko/20100101 Firefox/27.0
444,2015-10-22 21:11:10.541275+01,Mozilla/5.0 (Windows NT 6.3; WOW64; Trident/7.0; rv:11.0) like Gecko
445,2015-10-22 21:16:28.283573+01,"Mozilla/5.0 (Windows NT 6.3; WOW64) AppleWebKit/537.36 (KHTML, like Gecko) Chrome/46.0.2490.71 Safari/537.36"
446,2015-10-22 21:21:08.681822+01,Mozilla/5.0 (Windows NT 6.1; rv:38.0) Gecko/20100101 Firefox/38.0
447,2015-10-22 21:52:48.44584+01,Mozilla/5.0 (Windows NT 6.1; WOW64; rv:41.0) Gecko/20100101 Firefox/41.0
448,2015-10-22 22:02:59.273352+01,"Mozilla/5.0 (Macintosh; Intel Mac OS X 10_10_5) AppleWebKit/537.36 (KHTML, like Gecko) Chrome/45.0.2454.101 Safari/537.36"
449,2015-10-22 23:50:33.444524+01,Mozilla/5.0 (X11; Ubuntu; Linux x86_64; rv:41.0) Gecko/20100101 Firefox/41.0
450,2015-10-22 23:50:34.256643+01,"Mozilla/5.0 (X11; Linux x86_64) AppleWebKit/537.36 (KHTML, like Gecko) Chrome/46.0.2490.71 Safari/537.36"
451,2015-10-22 23:55:27.66497+01,"Mozilla/5.0 (Windows NT 10.0; Win64; x64) AppleWebKit/537.36 (KHTML, like Gecko) Chrome/42.0.2311.135 Safari/537.36 Edge/12.10240"
453,2015-10-23 09:23:52.051269+01,Mozilla/5.0 (Windows NT 6.1; WOW64; rv:29.0) Gecko/20100101 Firefox/29.0
454,2015-10-23 13:14:32.246562+01,Mozilla/5.0 (X11; Ubuntu; Linux x86_64; rv:41.0) Gecko/20100101 Firefox/41.0
455,2015-10-23 14:08:33.595029+01,Mozilla/5.0 (Macintosh; Intel Mac OS X 10.11; rv:41.0) Gecko/20100101 Firefox/41.0
456,2015-10-23 14:10:43.513515+01,"Mozilla/5.0 (Macintosh; Intel Mac OS X 10_11_1) AppleWebKit/537.36 (KHTML, like Gecko) Chrome/46.0.2490.71 Safari/537.36 AviraScout/1"
457,2015-10-24 06:46:50.814381+01,"Mozilla/5.0 (Linux; Android 4.4.4; Build/KTU84Q) AppleWebKit/537.36 (KHTML, like Gecko) Version/4.0 Chrome/33.0.0.0 Mobile Safari/537.36"
458,2015-10-24 11:16:06.118328+01,"Mozilla/5.0 (Windows NT 10.0; WOW64) AppleWebKit/537.36 (KHTML, like Gecko) Chrome/45.0.2454.93 Safari/537.36 OPR/32.0.1948.69"
459,2015-10-24 11:19:16.026104+01,"Mozilla/5.0 (Windows NT 10.0; WOW64) AppleWebKit/537.36 (KHTML, like Gecko) Chrome/46.0.2490.80 Safari/537.36"
460,2015-10-24 11:21:48.716087+01,"Mozilla/5.0 (Windows NT 10.0; Win64; x64) AppleWebKit/537.36 (KHTML, like Gecko) Chrome/42.0.2311.135 Safari/537.36 Edge/12.10240"
461,2015-10-25 02:52:26.369503+00,"Mozilla/5.0 (Macintosh; Intel Mac OS X 10_9_5) AppleWebKit/537.78.2 (KHTML, like Gecko) Version/7.0.6 Safari/537.78.2"
462,2015-10-25 18:41:36.57134+00,"Mozilla/5.0 (Windows NT 10.0; Win64; x64) AppleWebKit/537.36 (KHTML, like Gecko) Chrome/42.0.2311.135 Safari/537.36 Edge/12.10240"
463,2015-10-26 01:59:34.174044+00,"Mozilla/5.0 (Macintosh; Intel Mac OS X 10_9_5) AppleWebKit/537.78.2 (KHTML, like Gecko) Version/7.0.6 Safari/537.78.2"
464,2015-10-26 03:55:27.062999+00,Mozilla/5.0 (Macintosh; Intel Mac OS X 10.9; rv:38.0) Gecko/20100101 Firefox/38.0
465,2015-10-26 04:02:42.150542+00,"Mozilla/5.0 (Macintosh; Intel Mac OS X 10_9_5) AppleWebKit/537.78.2 (KHTML, like Gecko) Version/7.0.6 Safari/537.78.2"
466,2015-10-26 04:08:08.516625+00,"Mozilla/5.0 (Macintosh; Intel Mac OS X 10_9_5) AppleWebKit/537.78.2 (KHTML, like Gecko) Version/7.0.6 Safari/537.78.2"
467,2015-10-26 06:17:15.343301+00,"Mozilla/5.0 (Macintosh; Intel Mac OS X 10_9_5) AppleWebKit/537.78.2 (KHTML, like Gecko) Version/7.0.6 Safari/537.78.2"
468,2015-10-26 06:26:06.719411+00,Mozilla/5.0 (X11; Ubuntu; Linux x86_64; rv:39.0) Gecko/20100101 Firefox/39.0
469,2015-10-26 13:17:15.797828+00,"Mozilla/5.0 (Macintosh; Intel Mac OS X 10_9_5) AppleWebKit/537.78.2 (KHTML, like Gecko) Version/7.0.6 Safari/537.78.2"
470,2015-10-27 12:16:52.022335+00,"Mozilla/5.0 (Windows NT 10.0; WOW64) AppleWebKit/537.36 (KHTML, like Gecko) Chrome/46.0.2490.80 Safari/537.36"
471,2015-10-27 18:25:39.188877+00,"Mozilla/5.0 (Windows NT 10.0; WOW64) AppleWebKit/537.36 (KHTML, like Gecko) Chrome/44.0.2403.155 Safari/537.36"
472,2015-10-28 10:27:26.963677+00,"Mozilla/5.0 (Macintosh; Intel Mac OS X 10_9_5) AppleWebKit/601.2.7 (KHTML, like Gecko) Version/9.0.1 Safari/537.86.2"
473,2015-10-28 10:31:49.572733+00,Mozilla/5.0 (X11; Ubuntu; Linux x86_64; rv:41.0) Gecko/20100101 Firefox/41.0
474,2015-10-28 18:16:25.312807+00,"Mozilla/5.0 (Windows NT 6.1) AppleWebKit/537.36 (KHTML, like Gecko) Chrome/46.0.2490.80 Safari/537.36"
475,2015-10-28 19:40:49.638215+00,"Mozilla/5.0 (Windows NT 6.1) AppleWebKit/537.36 (KHTML, like Gecko) Chrome/46.0.2490.80 Safari/537.36"
476,2015-10-30 01:42:36.704719+00,Mozilla/5.0 (X11; Linux x86_64; rv:45.0) Gecko/20100101 Firefox/45.0
477,2015-10-30 02:40:00.638019+00,"Mozilla/5.0 (X11; CrOS x86_64 7520.25.0) AppleWebKit/537.36 (KHTML, like Gecko) Chrome/47.0.2526.33 Safari/537.36"
478,2015-10-30 05:18:08.088154+00,"Mozilla/5.0 (X11; CrOS x86_64 7520.25.0) AppleWebKit/537.36 (KHTML, like Gecko) Chrome/47.0.2526.33 Safari/537.36"
479,2015-10-30 05:19:11.037581+00,"Mozilla/5.0 (X11; CrOS x86_64 7520.25.0) AppleWebKit/537.36 (KHTML, like Gecko) Chrome/47.0.2526.33 Safari/537.36"
480,2015-10-30 05:24:49.851084+00,Mozilla/5.0 (Macintosh; Intel Mac OS X 10.11; rv:44.0) Gecko/20100101 Firefox/44.0
481,2015-10-30 05:25:03.4784+00,"Mozilla/5.0 (X11; CrOS x86_64 7520.25.0) AppleWebKit/537.36 (KHTML, like Gecko) Chrome/47.0.2526.33 Safari/537.36"
482,2015-10-31 06:24:58.856994+00,Mozilla/5.0 (Windows NT 6.1; WOW64; rv:41.0) Gecko/20100101 Firefox/41.0
483,2015-10-31 12:31:14.777121+00,"Mozilla/5.0 (X11; Linux x86_64) AppleWebKit/537.22 (KHTML, like Gecko) Ubuntu Chromium/25.0.1364.160 Chrome/25.0.1364.160 Safari/537.22"
484,2015-11-01 11:15:49.681602+00,"Mozilla/5.0 (Macintosh; Intel Mac OS X 10_7_5) AppleWebKit/537.77.4 (KHTML, like Gecko) Version/6.1.5 Safari/537.77.4"
485,2015-11-02 02:14:04.97637+00,"Mozilla/5.0 (Windows NT 6.1; WOW64) AppleWebKit/537.36 (KHTML, like Gecko) Chrome/46.0.2490.80 Safari/537.36"
486,2015-11-02 13:17:02.190372+00,Mozilla/5.0 (Windows NT 6.1; WOW64; rv:41.0) Gecko/20100101 Firefox/41.0
487,2015-11-02 13:27:49.5261+00,Mozilla/5.0 (Windows NT 6.1; WOW64; Trident/7.0; rv:11.0) like Gecko
488,2015-11-02 16:50:54.549582+00,"Mozilla/5.0 (BB10; Kbd) AppleWebKit/537.35+ (KHTML, like Gecko) Version/10.3.2.2834 Mobile Safari/537.35+"
489,2015-11-03 07:20:33.598814+00,"Mozilla/5.0 (Windows NT 10.0; WOW64) AppleWebKit/537.36 (KHTML, like Gecko) Chrome/46.0.2490.80 Safari/537.36"
490,2015-11-04 16:50:58.732925+00,"Mozilla/5.0 (Macintosh; Intel Mac OS X 10_9_4) AppleWebKit/537.36 (KHTML, like Gecko) Chrome/46.0.2490.71 Safari/537.36"
491,2015-11-04 16:54:04.905896+00,"Mozilla/5.0 (Macintosh; Intel Mac OS X 10_9_4) AppleWebKit/537.36 (KHTML, like Gecko) Chrome/46.0.2490.71 Safari/537.36"
492,2015-11-04 18:04:39.61614+00,"Mozilla/5.0 (Windows NT 10.0; WOW64) AppleWebKit/537.36 (KHTML, like Gecko) Chrome/46.0.2490.80 Safari/537.36"
493,2015-11-05 22:55:51.389229+00,"Mozilla/5.0 (Macintosh; Intel Mac OS X 10_7_5) AppleWebKit/537.77.4 (KHTML, like Gecko) Version/6.1.5 Safari/537.77.4"
494,2015-11-06 03:51:06.802707+00,"Mozilla/5.0 (Windows NT 6.1; WOW64) AppleWebKit/537.36 (KHTML, like Gecko) Chrome/45.0.2454.101 Safari/537.36"
495,2015-11-07 06:05:30.349862+00,Mozilla/5.0 (X11; Linux x86_64; rv:38.0) Gecko/20100101 Firefox/38.0 Iceweasel/38.4.0
496,2015-11-08 11:22:02.045246+00,Mozilla/5.0 (Windows NT 5.1; rv:41.0) Gecko/20100101 Firefox/41.0
497,2015-11-10 12:47:12.4993+00,Mozilla/5.0 (Windows NT 6.1; Trident/7.0; rv:11.0) like Gecko
498,2015-11-10 14:48:10.835001+00,Mozilla/5.0 (Windows NT 10.0; WOW64; rv:42.0) Gecko/20100101 Firefox/42.0
499,2015-11-11 12:46:54.730936+00,"Mozilla/5.0 (Macintosh; Intel Mac OS X 10_9_4) AppleWebKit/537.36 (KHTML, like Gecko) Iridium/44.1 Safari/537.36 Chrome/44.0.2403.157"
500,2015-11-11 12:48:10.862548+00,"Mozilla/5.0 (Macintosh; Intel Mac OS X 10_9_4) AppleWebKit/537.36 (KHTML, like Gecko) Iridium/44.1 Safari/537.36 Chrome/44.0.2403.157"
501,2015-11-11 13:01:17.577088+00,"Mozilla/5.0 (Macintosh; Intel Mac OS X 10_9_4) AppleWebKit/537.36 (KHTML, like Gecko) Chrome/46.0.2490.80 Safari/537.36"
502,2015-11-11 15:03:30.110502+00,"Mozilla/5.0 (Windows NT 10.0; WOW64) AppleWebKit/537.36 (KHTML, like Gecko) Chrome/46.0.2490.86 Safari/537.36"
503,2015-11-11 15:08:14.928794+00,"Mozilla/5.0 (Windows NT 10.0; WOW64) AppleWebKit/537.36 (KHTML, like Gecko) Chrome/46.0.2490.80 Safari/537.36"
504,2015-11-11 16:24:51.499206+00,"Mozilla/5.0 (Windows NT 10.0; WOW64) AppleWebKit/537.36 (KHTML, like Gecko) Chrome/46.0.2490.86 Safari/537.36"
505,2015-11-11 17:01:26.925966+00,Mozilla/5.0 (Windows NT 10.0; WOW64; rv:42.0) Gecko/20100101 Firefox/42.0
506,2015-11-11 17:16:51.464478+00,"Mozilla/5.0 (Windows NT 10.0; WOW64) AppleWebKit/537.36 (KHTML, like Gecko) Chrome/46.0.2490.86 Safari/537.36"
507,2015-11-11 18:19:15.818505+00,"Mozilla/5.0 (Windows NT 10.0; WOW64) AppleWebKit/537.36 (KHTML, like Gecko) Chrome/46.0.2490.86 Safari/537.36"
508,2015-11-11 19:28:34.542008+00,"Mozilla/5.0 (Windows NT 10.0; WOW64) AppleWebKit/537.36 (KHTML, like Gecko) Chrome/46.0.2490.86 Safari/537.36"
509,2015-11-11 21:23:11.931227+00,"Mozilla/5.0 (Macintosh; Intel Mac OS X 10_11_1) AppleWebKit/537.36 (KHTML, like Gecko) Chrome/46.0.2490.80 Safari/537.36"
510,2015-11-12 09:33:54.038357+00,Mozilla/5.0 (Windows NT 10.0; WOW64; rv:42.0) Gecko/20100101 Firefox/42.0
511,2015-11-12 11:09:02.95092+00,"Mozilla/5.0 (Macintosh; Intel Mac OS X 10_10_5) AppleWebKit/537.36 (KHTML, like Gecko) Chrome/46.0.2490.86 Safari/537.36"
512,2015-11-12 19:41:18.289682+00,"Mozilla/5.0 (Macintosh; Intel Mac OS X 10_10_5) AppleWebKit/537.36 (KHTML, like Gecko) Chrome/46.0.2490.80 Safari/537.36"
513,2015-11-13 09:01:10.434754+00,"Mozilla/5.0 (Macintosh; Intel Mac OS X 10_10_5) AppleWebKit/537.36 (KHTML, like Gecko) Chrome/46.0.2490.86 Safari/537.36"
514,2015-11-16 00:25:07.67438+00,"Mozilla/5.0 (Macintosh; Intel Mac OS X 10_9_5) AppleWebKit/601.2.7 (KHTML, like Gecko) Version/9.0.1 Safari/537.86.2"
515,2015-11-16 20:54:33.483989+00,Mozilla/5.0 (Windows NT 6.3; WOW64; rv:42.0) Gecko/20100101 Firefox/42.0
516,2015-11-19 14:28:26.360578+00,"Mozilla/5.0 (X11; Linux x86_64) AppleWebKit/537.36 (KHTML, like Gecko) Chrome/46.0.2490.86 Safari/537.36"
517,2015-11-19 16:55:19.082063+00,Mozilla/5.0 (X11; Ubuntu; Linux x86_64; rv:42.0) Gecko/20100101 Firefox/42.0
518,2015-11-19 16:55:58.838286+00,"Mozilla/5.0 (Windows Phone 10.0; Android 4.2.1; NOKIA; Lumia 930) AppleWebKit/537.36 (KHTML, like Gecko) Chrome/46.0.2486.0 Mobile Safari/537.36 Edge/13.10586"
519,2015-11-19 17:39:02.377038+00,"Mozilla/5.0 (Windows NT 6.1; WOW64) AppleWebKit/537.36 (KHTML, like Gecko) Chrome/36.0.1985.125 Safari/537.36"
520,2015-11-19 17:39:09.013022+00,Mozilla/5.0 (compatible; MSIE 9.0; Windows NT 6.1; WOW64; Trident/5.0)
521,2015-11-23 14:17:46.181932+00,"Mozilla/5.0 (Macintosh; Intel Mac OS X 10_10_5) AppleWebKit/601.2.7 (KHTML, like Gecko) Version/9.0.1 Safari/601.2.7"
522,2015-11-23 15:24:27.085751+00,"Mozilla/5.0 (Windows NT 6.1; WOW64) AppleWebKit/537.36 (KHTML, like Gecko) Chrome/46.0.2490.86 Safari/537.36"
523,2015-11-23 15:25:20.581402+00,Mozilla/5.0 (Windows NT 6.1; Win64; x64; Trident/7.0; rv:11.0) like Gecko
524,2015-11-24 04:29:17.212442+00,"Mozilla/5.0 (Windows NT 6.1; WOW64) AppleWebKit/537.36 (KHTML, like Gecko) Chrome/46.0.2490.86 Safari/537.36"
525,2015-11-24 11:22:43.724723+00,"Mozilla/5.0 (Macintosh; Intel Mac OS X 10_11_1) AppleWebKit/537.36 (KHTML, like Gecko) Chrome/46.0.2490.86 Safari/537.36"
526,2015-11-24 19:59:52.816359+00,Mozilla/5.0 (X11; Linux x86_64; rv:38.0) Gecko/20100101 Firefox/38.0 Iceweasel/38.3.0
527,2015-11-26 06:30:45.289146+00,"Mozilla/5.0 (Macintosh; Intel Mac OS X 10_11_1) AppleWebKit/537.36 (KHTML, like Gecko) Chrome/46.0.2490.86 Safari/537.36"
528,2015-11-27 14:32:34.631474+00,Mozilla/5.0 (X11; Linux x86_64; rv:42.0) Gecko/20100101 Firefox/42.0
529,2015-11-27 14:36:30.2395+00,"Mozilla/5.0 (X11; Linux x86_64) AppleWebKit/537.36 (KHTML, like Gecko) Chrome/46.0.2490.86 Safari/537.36 OPR/33.0.1990.115"
530,2015-11-27 14:36:51.331873+00,"Mozilla/5.0 (X11; Linux x86_64) AppleWebKit/537.36 (KHTML, like Gecko) Chrome/46.0.2490.86 Safari/537.36"
531,2015-11-27 14:40:05.618939+00,"Mozilla/5.0 (Linux; Android 5.1.1; Wileyfox Swift Build/LMY48B) AppleWebKit/537.36 (KHTML, like Gecko) Chrome/46.0.2490.76 Mobile Safari/537.36"
532,2015-11-29 07:06:40.995761+00,"Mozilla/5.0 (Windows NT 6.1; WOW64) AppleWebKit/537.36 (KHTML, like Gecko) Chrome/46.0.2490.86 Safari/537.36"
533,2015-12-04 03:13:17.839725+00,"Mozilla/5.0 (Macintosh; Intel Mac OS X 10_11_1) AppleWebKit/537.36 (KHTML, like Gecko) Chrome/47.0.2526.64 Safari/537.36"
534,2015-12-06 00:23:37.313338+00,"Mozilla/5.0 (Macintosh; Intel Mac OS X 10_11_1) AppleWebKit/601.2.7 (KHTML, like Gecko) Version/9.0.1 Safari/601.2.7"
535,2015-12-06 00:27:09.396886+00,Mozilla/5.0 (Macintosh; Intel Mac OS X 10.11; rv:42.0) Gecko/20100101 Firefox/42.0
536,2015-12-07 18:41:48.371477+00,"Mozilla/5.0 (Windows NT 6.1; WOW64) AppleWebKit/537.36 (KHTML, like Gecko) Chrome/47.0.2526.73 Safari/537.36"
537,2015-12-08 00:06:51.297767+00,"Mozilla/5.0 (Macintosh; Intel Mac OS X 10_7_5) AppleWebKit/537.78.2 (KHTML, like Gecko) Version/6.1.6 Safari/537.78.2"
538,2015-12-08 12:15:59.074176+00,"Mozilla/5.0 (iPhone; CPU iPhone OS 9_1 like Mac OS X) AppleWebKit/601.1.46 (KHTML, like Gecko) FxiOS/1.1 Mobile/13B143 Safari/601.1.46"
539,2015-12-12 21:29:09.867877+00,Mozilla/5.0 (Windows NT 10.0; WOW64; rv:42.0) Gecko/20100101 Firefox/42.0
540,2015-12-13 12:48:31.692573+00,Mozilla/5.0 (Windows NT 6.1; WOW64; rv:39.0) Gecko/20100101 Firefox/39.0
541,2015-12-14 11:24:03.989001+00,"Mozilla/5.0 (Macintosh; Intel Mac OS X 10_11_2) AppleWebKit/537.36 (KHTML, like Gecko) Chrome/47.0.2526.73 Safari/537.36"
542,2015-12-18 20:54:32.84121+00,Mozilla/5.0 (X11; Linux x86_64; rv:38.0) Gecko/20100101 Firefox/38.0 Iceweasel/38.5.0
543,2015-12-19 17:54:08.65789+00,"Mozilla/5.0 (Macintosh; Intel Mac OS X 10_11_1) AppleWebKit/537.36 (KHTML, like Gecko) Chrome/47.0.2526.106 Safari/537.36"
544,2015-12-19 18:02:56.414603+00,"Mozilla/5.0 (iPhone; CPU iPhone OS 9_1 like Mac OS X) AppleWebKit/601.1.46 (KHTML, like Gecko) Mobile/13B143 Twitter for iPhone"
545,2015-12-19 18:03:37.40337+00,Mozilla/5.0 (Macintosh; Intel Mac OS X 10.10; rv:43.0) Gecko/20100101 Firefox/43.0
546,2015-12-19 18:21:33.463647+00,"Mozilla/5.0 (Macintosh; Intel Mac OS X 10_10_5) AppleWebKit/537.36 (KHTML, like Gecko) Chrome/47.0.2526.80 Safari/537.36"
547,2015-12-19 18:53:46.682138+00,"Mozilla/5.0 (Macintosh; Intel Mac OS X 10_11_2) AppleWebKit/537.36 (KHTML, like Gecko) Chrome/47.0.2526.106 Safari/537.36"
548,2015-12-19 19:38:23.208048+00,Mozilla/5.0 (Macintosh; Intel Mac OS X 10.10; rv:43.0) Gecko/20100101 Firefox/43.0
549,2015-12-20 14:42:47.714431+00,"Mozilla/5.0 (Macintosh; Intel Mac OS X 10_11_2) AppleWebKit/537.36 (KHTML, like Gecko) Chrome/47.0.2526.80 Safari/537.36"
550,2015-12-20 16:53:57.006264+00,"Mozilla/5.0 (Windows NT 6.1; WOW64) AppleWebKit/537.36 (KHTML, like Gecko) Chrome/47.0.2526.106 Safari/537.36"
551,2015-12-20 22:00:39.180325+00,Mozilla/5.0 (Macintosh; Intel Mac OS X 10.11; rv:42.0) Gecko/20100101 Firefox/42.0
552,2015-12-21 23:55:28.552295+00,"Mozilla/5.0 (Macintosh; Intel Mac OS X 10_10_5) AppleWebKit/537.36 (KHTML, like Gecko) Chrome/47.0.2526.106 Safari/537.36"
553,2015-12-23 00:27:38.166964+00,"Mozilla/5.0 (Macintosh; Intel Mac OS X 10_11_2) AppleWebKit/537.36 (KHTML, like Gecko) Chrome/47.0.2526.106 Safari/537.36"
554,2015-12-23 14:55:55.096943+00,"Mozilla/5.0 (Windows NT 6.1; WOW64) AppleWebKit/537.36 (KHTML, like Gecko) Chrome/47.0.2526.106 Safari/537.36"
